Source,Target,Weight
0,95,15.0
0,129,13.1
0,141,18.1
0,176,10.2
0,182,14.0
0,225,25.3
0,307,10.3
0,314,29.8
0,327,46.0
0,335,12.6
0,343,17.5
0,368,19.5
0,382,12.1
0,384,10.9
0,469,10.7
0,471,22.4
0,489,70.7
1,2,19.4
1,3,27.7
1,4,38.9
1,5,55.0
1,6,18.8
1,7,62.6
1,8,36.2
1,9,18.3
1,10,16.3
1,11,19.9
1,12,35.0
1,13,13.5
1,14,16.6
1,15,26.3
1,16,27.9
1,17,11.9
1,18,20.6
1,19,20.3
1,20,32.0
1,21,24.6
1,23,21.6
1,24,26.2
1,25,20.6
1,26,18.3
1,28,18.7
1,29,11.1
1,31,18.2
1,33,19.4
1,36,13.0
1,37,10.7
1,38,18.7
1,40,42.0
1,42,10.6
1,43,46.9
1,44,34.8
1,46,14.3
1,48,20.7
1,49,45.3
1,51,21.2
1,52,11.7
1,53,23.8
1,54,33.6
1,55,16.7
1,56,20.4
1,57,17.2
1,58,11.2
1,60,29.7
1,62,16.3
1,63,32.1
1,64,17.8
1,65,11.2
1,66,14.1
1,67,28.8
1,69,16.5
1,71,43.4
1,73,15.4
1,74,16.3
1,76,18.7
1,77,22.4
1,78,19.7
1,80,21.7
1,81,30.7
1,83,14.2
1,84,10.7
1,86,16.0
1,87,14.1
1,88,13.9
1,90,22.0
1,92,18.9
1,93,25.9
1,94,17.3
1,96,11.7
1,97,18.3
1,98,19.0
1,99,15.0
1,100,22.5
1,101,49.4
1,102,21.4
1,105,20.9
1,106,32.5
1,107,14.6
1,108,17.4
1,109,45.1
1,110,55.2
1,111,38.4
1,112,11.9
1,113,14.2
1,114,29.5
1,115,24.5
1,117,14.9
1,118,10.0
1,119,15.0
1,122,13.9
1,124,26.7
1,125,18.5
1,126,16.5
1,127,11.6
1,128,40.0
1,129,10.2
1,130,26.7
1,131,10.7
1,132,10.2
1,133,30.5
1,134,29.9
1,136,25.2
1,138,14.9
1,139,18.4
1,140,19.3
1,141,11.4
1,142,13.4
1,143,14.1
1,144,29.7
1,145,24.3
1,146,16.1
1,147,19.6
1,149,11.6
1,150,20.3
1,151,16.3
1,152,27.5
1,155,23.9
1,156,11.9
1,157,20.3
1,158,11.6
1,159,14.9
1,160,20.8
1,161,16.8
1,162,10.0
1,163,14.3
1,164,11.6
1,165,22.2
1,167,21.8
1,168,18.1
1,170,12.3
1,171,23.5
1,172,17.3
1,173,22.9
1,174,18.9
1,175,12.7
1,176,10.3
1,178,13.9
1,181,13.6
1,184,17.4
1,185,14.9
1,188,17.4
1,190,21.3
1,191,27.5
1,192,11.2
1,193,13.5
1,196,28.0
1,197,15.4
1,198,13.2
1,199,17.3
1,200,31.5
1,202,24.4
1,203,21.8
1,204,30.0
1,205,13.9
1,206,15.9
1,209,13.6
1,210,24.0
1,211,14.1
1,212,16.6
1,213,11.7
1,214,17.8
1,215,10.1
1,217,31.1
1,218,15.7
1,221,16.8
1,222,20.2
1,223,28.2
1,224,12.4
1,226,34.6
1,227,12.3
1,229,12.1
1,230,38.6
1,231,15.8
1,232,11.3
1,233,15.7
1,234,13.1
1,235,12.2
1,236,14.8
1,237,27.7
1,238,11.7
1,241,13.4
1,242,13.3
1,243,21.2
1,244,33.6
1,245,22.0
1,246,25.6
1,247,14.1
1,248,12.9
1,251,12.4
1,253,34.5
1,254,20.6
1,255,21.0
1,256,15.1
1,258,15.1
1,259,19.9
1,261,22.3
1,262,19.0
1,263,31.7
1,264,12.9
1,266,21.3
1,267,16.3
1,268,14.1
1,269,32.1
1,272,32.4
1,273,24.0
1,275,13.1
1,276,24.1
1,277,13.7
1,278,21.6
1,279,12.6
1,280,20.1
1,282,17.5
1,283,27.2
1,284,31.2
1,285,15.6
1,286,21.0
1,287,25.4
1,288,13.3
1,289,16.4
1,291,18.4
1,292,16.2
1,293,19.6
1,294,17.3
1,295,13.2
1,297,19.8
1,298,16.3
1,299,20.0
1,300,20.4
1,301,24.3
1,302,17.1
1,305,28.2
1,307,12.9
1,308,23.6
1,310,17.2
1,312,14.4
1,313,17.0
1,315,16.4
1,316,15.3
1,318,12.8
1,319,13.6
1,321,30.9
1,322,19.6
1,323,14.0
1,324,25.2
1,325,20.7
1,328,11.9
1,329,18.1
1,330,24.0
1,331,20.9
1,332,13.7
1,333,12.9
1,336,15.8
1,337,11.3
1,339,24.3
1,340,17.6
1,341,15.8
1,343,16.6
1,344,12.3
1,345,34.5
1,347,10.6
1,350,20.3
1,351,12.0
1,352,19.0
1,353,27.8
1,354,16.9
1,355,13.5
1,356,14.6
1,357,37.4
1,358,17.0
1,360,15.7
1,361,12.0
1,362,12.4
1,364,13.5
1,365,25.5
1,366,17.3
1,367,15.0
1,368,10.7
1,369,80.9
1,370,11.1
1,372,13.0
1,374,14.3
1,375,17.0
1,376,28.7
1,377,16.0
1,378,19.3
1,379,16.0
1,380,23.4
1,381,36.0
1,382,11.7
1,385,13.8
1,386,13.9
1,387,13.2
1,388,15.3
1,389,19.9
1,390,21.0
1,391,18.8
1,392,15.3
1,393,24.5
1,395,14.3
1,396,17.4
1,398,11.9
1,399,19.7
1,400,19.4
1,401,16.9
1,402,14.3
1,403,17.0
1,404,13.9
1,406,11.1
1,407,11.0
1,408,18.4
1,409,12.5
1,411,11.5
1,413,22.6
1,416,12.5
1,417,18.4
1,418,15.3
1,420,14.0
1,421,15.0
1,423,14.3
1,424,22.9
1,425,13.7
1,426,25.7
1,428,24.5
1,429,19.9
1,430,23.3
1,431,35.2
1,432,10.1
1,433,10.3
1,434,20.9
1,439,36.6
1,440,18.4
1,441,10.3
1,443,16.7
1,445,10.2
1,446,11.7
1,447,13.8
1,448,15.8
1,449,20.1
1,450,21.3
1,452,15.3
1,453,32.1
1,454,17.8
1,455,11.3
1,456,15.6
1,458,11.9
1,459,12.0
1,462,17.1
1,463,42.5
1,465,35.0
1,466,13.2
1,467,15.1
1,468,15.4
1,470,14.8
1,472,12.1
1,473,10.9
1,476,23.9
1,477,18.2
1,479,12.9
1,480,13.6
1,481,15.5
1,482,20.6
1,483,17.4
1,485,22.5
1,486,32.7
1,487,10.3
1,488,13.0
1,490,22.2
1,492,20.5
1,496,16.2
1,499,17.8
2,3,12.9
2,4,24.0
2,5,15.8
2,7,17.1
2,11,11.1
2,12,12.1
2,15,10.6
2,21,30.3
2,23,17.0
2,26,12.7
2,28,11.3
2,38,22.5
2,46,11.4
2,47,16.3
2,48,11.1
2,51,12.5
2,54,11.8
2,63,10.2
2,67,12.6
2,90,21.7
2,92,22.2
2,97,24.0
2,98,25.6
2,102,35.1
2,104,12.0
2,114,27.1
2,124,14.3
2,127,13.1
2,130,11.6
2,133,14.8
2,134,22.2
2,136,10.7
2,139,20.8
2,144,13.4
2,146,16.8
2,147,11.3
2,152,12.6
2,153,11.4
2,157,33.3
2,165,18.8
2,171,16.8
2,172,11.6
2,173,13.2
2,181,34.5
2,184,15.2
2,185,14.1
2,186,14.6
2,190,12.2
2,192,10.9
2,194,26.4
2,196,11.3
2,202,31.2
2,223,51.9
2,230,12.5
2,232,12.4
2,233,20.0
2,237,13.9
2,253,17.7
2,258,15.4
2,261,17.1
2,266,14.0
2,276,15.8
2,280,18.8
2,286,15.1
2,290,36.4
2,291,11.9
2,293,14.3
2,295,24.6
2,297,11.9
2,301,10.8
2,302,11.2
2,303,11.4
2,305,12.5
2,310,13.3
2,312,12.0
2,319,10.2
2,321,10.5
2,326,12.8
2,329,10.1
2,330,13.6
2,339,33.3
2,341,16.2
2,349,19.4
2,350,17.6
2,352,10.9
2,354,21.0
2,360,23.8
2,365,13.4
2,369,10.5
2,374,10.0
2,376,10.8
2,379,32.3
2,380,12.5
2,395,10.3
2,404,10.9
2,408,19.4
2,413,10.1
2,414,15.5
2,417,12.3
2,423,19.7
2,427,18.0
2,430,12.5
2,434,12.4
2,435,27.5
2,449,12.4
2,458,14.8
2,468,38.9
2,470,23.1
2,472,37.7
2,480,17.1
2,483,11.1
2,488,12.5
2,490,39.5
3,4,23.0
3,5,22.1
3,7,21.1
3,8,19.1
3,9,13.6
3,11,14.4
3,12,19.0
3,15,17.8
3,16,12.4
3,17,16.1
3,18,12.0
3,19,19.6
3,20,12.1
3,21,16.9
3,23,14.6
3,24,16.2
3,25,14.8
3,26,13.1
3,28,11.3
3,34,15.7
3,40,18.1
3,41,24.7
3,43,14.1
3,44,17.5
3,51,28.9
3,53,11.6
3,60,10.2
3,63,22.1
3,67,49.0
3,71,21.2
3,80,11.1
3,81,15.1
3,90,11.8
3,93,12.8
3,97,10.4
3,98,10.5
3,99,10.3
3,100,12.9
3,102,16.6
3,105,14.0
3,108,11.3
3,109,12.3
3,110,10.7
3,111,13.1
3,114,15.4
3,115,14.7
3,117,10.1
3,120,16.7
3,124,67.8
3,125,10.8
3,127,14.6
3,129,11.3
3,130,43.2
3,133,45.4
3,134,43.5
3,136,13.5
3,139,10.2
3,140,11.7
3,142,10.9
3,144,12.3
3,146,10.7
3,147,43.9
3,150,11.7
3,151,16.1
3,155,14.9
3,157,13.0
3,159,58.2
3,165,13.3
3,167,19.5
3,171,29.3
3,173,11.5
3,188,10.7
3,191,70.6
3,196,16.9
3,200,13.5
3,202,15.0
3,205,10.5
3,210,10.6
3,213,14.5
3,217,14.5
3,222,24.7
3,223,20.1
3,226,12.8
3,230,21.8
3,233,10.0
3,237,28.1
3,243,17.8
3,244,11.8
3,245,12.4
3,253,12.1
3,254,33.4
3,256,13.8
3,261,10.2
3,262,13.0
3,263,15.3
3,267,10.2
3,269,10.7
3,273,20.4
3,276,18.7
3,278,20.2
3,283,17.8
3,284,28.0
3,285,11.0
3,287,23.5
3,291,10.8
3,297,10.5
3,301,22.8
3,302,12.5
3,305,10.4
3,308,17.3
3,316,12.9
3,319,10.0
3,324,19.2
3,330,36.8
3,331,14.2
3,339,20.8
3,340,10.5
3,341,11.9
3,343,12.4
3,345,16.7
3,350,20.9
3,352,19.6
3,353,16.1
3,354,13.3
3,355,33.0
3,357,11.8
3,358,12.2
3,365,30.5
3,369,13.0
3,375,11.7
3,376,60.8
3,379,10.0
3,380,22.4
3,381,14.3
3,382,10.6
3,386,29.8
3,389,11.4
3,390,21.0
3,393,13.4
3,400,18.8
3,401,12.4
3,404,11.9
3,413,27.7
3,424,12.8
3,431,11.6
3,434,14.7
3,439,11.5
3,440,13.6
3,449,28.1
3,450,23.2
3,452,12.8
3,453,11.3
3,462,11.8
3,465,18.8
3,467,15.0
3,468,13.9
3,482,11.7
3,485,13.5
3,486,13.2
3,488,11.5
3,490,11.2
3,496,15.1
3,499,11.2
4,5,38.3
4,6,14.1
4,7,40.9
4,8,21.1
4,9,18.5
4,10,16.0
4,11,13.7
4,12,22.5
4,15,17.6
4,16,23.2
4,17,12.0
4,18,19.6
4,19,14.0
4,20,26.0
4,21,26.4
4,23,22.2
4,24,20.0
4,25,19.1
4,26,34.1
4,28,34.1
4,31,11.3
4,33,18.0
4,38,21.6
4,40,34.5
4,41,12.0
4,43,31.6
4,44,20.9
4,45,10.6
4,46,10.5
4,47,12.0
4,48,59.7
4,49,34.5
4,51,16.8
4,53,16.7
4,54,70.3
4,55,10.9
4,56,15.2
4,57,10.6
4,60,25.9
4,62,15.7
4,63,22.0
4,64,10.5
4,67,24.1
4,69,12.4
4,71,20.3
4,74,13.8
4,76,13.8
4,77,19.9
4,78,19.6
4,80,17.6
4,81,21.7
4,87,14.6
4,90,25.4
4,92,20.4
4,93,20.2
4,94,12.7
4,97,23.5
4,98,22.2
4,99,12.7
4,100,15.7
4,101,33.7
4,102,26.1
4,104,12.9
4,105,20.4
4,106,18.1
4,107,21.7
4,108,14.3
4,109,67.8
4,110,47.1
4,111,19.3
4,113,11.0
4,114,36.8
4,115,25.7
4,117,12.3
4,119,16.3
4,122,17.4
4,124,22.7
4,125,14.1
4,126,15.6
4,128,37.4
4,129,12.8
4,130,18.0
4,133,23.4
4,134,20.7
4,136,24.2
4,139,23.3
4,140,12.2
4,143,58.2
4,144,29.3
4,145,25.0
4,146,23.5
4,147,17.1
4,150,15.6
4,151,18.6
4,152,66.7
4,153,12.1
4,155,16.1
4,156,12.2
4,157,27.2
4,158,10.0
4,159,13.5
4,160,15.5
4,161,13.7
4,163,12.9
4,165,20.2
4,167,20.2
4,168,11.8
4,171,14.0
4,172,14.3
4,173,28.4
4,174,15.7
4,175,10.6
4,178,11.0
4,181,16.2
4,184,18.2
4,185,15.5
4,186,33.2
4,188,15.1
4,190,19.1
4,191,18.3
4,192,30.6
4,193,13.2
4,194,10.0
4,196,21.5
4,199,31.8
4,200,21.6
4,202,33.1
4,203,12.4
4,204,17.4
4,206,11.7
4,209,12.2
4,210,20.2
4,212,12.5
4,214,18.6
4,217,28.6
4,218,12.6
4,221,15.8
4,222,16.5
4,223,34.9
4,226,19.2
4,227,55.3
4,229,10.9
4,230,18.3
4,232,17.0
4,233,19.2
4,234,12.7
4,235,10.1
4,236,10.7
4,237,15.6
4,241,16.3
4,243,19.4
4,244,27.9
4,245,16.3
4,246,18.4
4,248,10.7
4,253,31.2
4,254,20.2
4,255,23.0
4,256,10.6
4,258,55.3
4,259,12.2
4,261,38.1
4,262,14.0
4,263,13.5
4,264,14.2
4,266,62.0
4,267,13.6
4,269,15.0
4,272,22.2
4,273,21.0
4,275,10.0
4,276,31.0
4,277,12.1
4,278,19.0
4,280,20.7
4,282,13.4
4,283,24.6
4,284,20.6
4,285,12.0
4,286,64.5
4,287,20.3
4,289,14.9
4,290,11.4
4,291,41.6
4,292,12.0
4,293,53.8
4,295,22.0
4,297,11.9
4,298,10.0
4,299,15.8
4,300,18.4
4,301,15.6
4,305,58.2
4,307,14.1
4,308,21.7
4,310,12.1
4,313,14.8
4,314,11.1
4,315,10.3
4,316,12.6
4,317,15.9
4,318,54.8
4,320,13.7
4,321,21.1
4,322,12.3
4,323,13.9
4,324,21.5
4,325,17.3
4,328,11.1
4,329,10.7
4,330,15.4
4,331,15.3
4,332,10.8
4,339,26.4
4,340,15.0
4,341,25.7
4,343,12.9
4,345,19.0
4,349,10.8
4,350,12.5
4,351,11.3
4,352,11.1
4,353,18.0
4,354,22.8
4,355,13.5
4,357,15.9
4,358,14.2
4,359,27.4
4,360,23.3
4,361,12.8
4,365,13.6
4,366,12.3
4,367,10.4
4,369,48.5
4,375,18.7
4,376,20.0
4,378,17.1
4,379,19.6
4,380,12.3
4,381,15.0
4,382,26.7
4,384,29.8
4,385,14.9
4,386,16.0
4,387,12.8
4,388,16.5
4,389,13.5
4,390,18.3
4,391,17.4
4,392,12.2
4,393,15.3
4,395,10.3
4,396,10.3
4,399,19.6
4,400,17.5
4,401,13.8
4,402,11.6
4,403,13.1
4,408,34.5
4,409,11.9
4,413,13.9
4,417,53.4
4,420,11.6
4,421,14.0
4,423,48.5
4,424,16.9
4,426,12.9
4,428,11.7
4,429,11.6
4,430,64.4
4,431,16.9
4,434,17.0
4,435,10.5
4,439,21.2
4,440,11.2
4,443,15.5
4,445,13.3
4,449,11.6
4,450,18.1
4,452,13.0
4,453,20.2
4,454,11.5
4,456,10.9
4,458,11.2
4,462,13.8
4,463,35.3
4,465,22.0
4,466,11.3
4,467,12.0
4,468,22.1
4,469,11.6
4,470,19.7
4,471,10.9
4,472,17.4
4,475,12.7
4,476,21.2
4,477,14.9
4,480,53.7
4,481,11.7
4,482,14.4
4,483,65.4
4,485,10.7
4,486,13.9
4,487,11.1
4,488,14.9
4,490,23.0
4,492,15.4
4,496,16.2
4,499,14.9
5,6,15.1
5,7,53.8
5,8,41.9
5,9,19.5
5,10,18.2
5,11,15.2
5,12,34.5
5,13,11.5
5,14,15.3
5,15,23.6
5,16,31.8
5,17,10.9
5,18,21.3
5,19,16.3
5,20,28.9
5,21,21.4
5,23,21.5
5,24,12.5
5,25,21.3
5,26,17.1
5,28,15.0
5,29,12.2
5,31,17.6
5,33,20.8
5,36,10.0
5,38,14.6
5,40,46.4
5,43,56.8
5,44,40.1
5,45,11.8
5,46,12.0
5,48,19.6
5,49,42.6
5,51,17.0
5,52,11.8
5,53,19.7
5,54,28.5
5,55,15.2
5,56,17.9
5,57,13.2
5,60,30.9
5,62,14.7
5,63,25.9
5,64,14.6
5,65,11.0
5,66,13.9
5,67,24.6
5,69,13.5
5,71,52.8
5,73,14.0
5,74,16.3
5,76,15.6
5,77,22.8
5,78,22.0
5,80,24.9
5,81,26.1
5,83,13.8
5,84,10.0
5,86,16.8
5,87,15.8
5,88,10.0
5,90,17.2
5,92,16.4
5,93,20.7
5,94,13.7
5,96,11.0
5,97,15.5
5,98,16.9
5,99,14.9
5,100,18.5
5,101,47.2
5,102,17.7
5,105,24.9
5,106,46.8
5,107,16.7
5,108,17.6
5,109,40.8
5,110,60.2
5,111,49.1
5,112,10.2
5,113,15.6
5,114,21.9
5,115,31.3
5,117,15.5
5,119,17.5
5,122,12.4
5,124,19.7
5,125,16.9
5,126,16.0
5,128,36.2
5,129,10.6
5,130,20.2
5,133,24.7
5,134,19.1
5,136,26.1
5,138,14.1
5,139,14.1
5,140,14.7
5,142,12.0
5,143,11.5
5,144,29.0
5,145,19.3
5,146,12.7
5,147,13.7
5,150,17.2
5,151,16.8
5,152,24.3
5,155,21.3
5,156,13.9
5,157,14.3
5,158,10.0
5,159,10.4
5,160,21.2
5,161,18.3
5,163,10.5
5,164,14.9
5,165,20.7
5,167,20.5
5,168,12.5
5,170,10.5
5,171,18.0
5,172,16.6
5,173,15.6
5,174,13.2
5,175,14.7
5,177,10.5
5,178,14.2
5,181,10.9
5,184,13.5
5,185,11.9
5,188,16.0
5,190,21.4
5,191,19.9
5,193,16.1
5,196,24.4
5,197,13.0
5,198,12.3
5,199,16.6
5,200,25.3
5,202,17.6
5,203,21.6
5,204,49.7
5,205,10.8
5,206,12.0
5,209,14.9
5,210,22.3
5,211,14.4
5,212,15.9
5,214,12.9
5,217,29.0
5,218,16.3
5,219,11.7
5,221,10.8
5,222,17.3
5,223,18.2
5,224,15.6
5,226,46.4
5,227,12.2
5,230,44.1
5,231,16.3
5,233,14.4
5,234,14.4
5,236,16.3
5,237,21.9
5,238,13.1
5,240,10.4
5,241,11.0
5,242,13.6
5,243,19.7
5,244,47.2
5,245,24.1
5,246,28.3
5,247,11.8
5,251,12.5
5,253,31.2
5,254,18.2
5,255,25.2
5,258,15.6
5,259,20.7
5,261,17.8
5,262,14.3
5,263,45.2
5,264,15.9
5,266,19.9
5,267,15.3
5,268,12.0
5,269,45.0
5,272,31.7
5,273,24.6
5,275,11.6
5,276,14.2
5,277,13.7
5,278,22.6
5,279,13.3
5,280,16.1
5,282,15.8
5,283,31.8
5,284,21.4
5,285,12.2
5,286,18.4
5,287,24.4
5,289,16.2
5,291,16.3
5,292,14.5
5,293,17.7
5,294,16.5
5,295,12.6
5,297,14.1
5,298,15.6
5,299,19.4
5,300,22.0
5,301,20.1
5,302,11.3
5,305,24.9
5,307,17.6
5,308,23.1
5,310,12.3
5,312,17.4
5,313,13.4
5,315,15.2
5,316,15.6
5,321,35.3
5,322,20.6
5,323,14.2
5,324,26.1
5,325,22.4
5,328,12.9
5,329,22.2
5,330,16.5
5,331,20.2
5,332,15.3
5,333,15.0
5,336,12.9
5,339,18.5
5,340,16.7
5,341,12.0
5,343,14.7
5,344,11.5
5,345,27.4
5,347,12.5
5,350,15.3
5,351,11.8
5,352,15.9
5,353,14.5
5,355,11.1
5,356,17.6
5,357,51.3
5,358,15.6
5,360,13.7
5,361,15.2
5,362,12.7
5,365,20.8
5,366,16.2
5,367,15.2
5,368,10.2
5,369,59.9
5,370,11.9
5,372,10.9
5,374,12.7
5,375,17.6
5,376,19.2
5,377,16.0
5,378,15.1
5,379,14.9
5,380,18.7
5,381,49.7
5,382,12.3
5,385,16.9
5,386,11.0
5,387,14.9
5,388,18.9
5,389,17.0
5,390,18.8
5,391,15.4
5,392,17.9
5,393,21.1
5,396,16.9
5,398,10.9
5,399,17.3
5,400,18.9
5,401,13.2
5,402,14.7
5,403,12.4
5,404,10.6
5,406,10.3
5,407,11.3
5,408,16.5
5,409,13.4
5,411,10.3
5,413,18.2
5,416,12.0
5,417,17.6
5,418,15.5
5,420,14.2
5,421,15.6
5,423,15.3
5,424,18.9
5,425,19.5
5,426,44.7
5,428,31.5
5,429,20.0
5,430,21.7
5,431,49.3
5,432,13.2
5,433,11.3
5,434,16.4
5,439,49.1
5,440,16.0
5,441,10.4
5,443,12.8
5,445,16.3
5,446,11.7
5,447,15.5
5,448,13.4
5,449,15.5
5,450,19.8
5,452,15.4
5,453,44.1
5,454,19.0
5,455,11.1
5,456,19.3
5,462,13.5
5,463,45.8
5,465,40.4
5,466,13.0
5,467,16.6
5,468,11.3
5,471,10.9
5,475,14.4
5,476,17.5
5,477,12.3
5,479,13.1
5,480,10.3
5,482,12.1
5,483,15.6
5,485,15.7
5,486,48.9
5,487,11.1
5,490,13.1
5,491,14.8
5,492,26.3
5,494,11.5
5,496,17.2
5,499,16.0
6,7,10.9
6,11,28.0
6,12,23.2
6,13,24.6
6,14,14.2
6,15,39.6
6,16,20.0
6,20,17.1
6,22,35.2
6,30,19.3
6,31,21.9
6,32,20.3
6,36,30.0
6,37,30.5
6,39,14.1
6,42,12.8
6,46,24.5
6,49,20.8
6,50,16.8
6,51,20.7
6,52,10.7
6,53,42.3
6,56,68.0
6,57,48.7
6,61,18.3
6,63,46.3
6,65,19.2
6,66,14.4
6,68,50.8
6,69,70.4
6,73,15.5
6,76,73.7
6,79,30.6
6,81,36.5
6,83,14.1
6,84,20.0
6,86,15.4
6,91,32.8
6,92,17.7
6,94,70.3
6,96,30.4
6,100,41.0
6,103,20.9
6,110,10.1
6,114,21.0
6,116,18.3
6,118,19.7
6,121,27.3
6,127,26.3
6,128,23.2
6,130,25.4
6,131,29.7
6,132,28.8
6,133,14.2
6,134,12.4
6,136,11.2
6,137,27.5
6,138,14.0
6,140,47.9
6,142,18.2
6,150,62.9
6,155,25.7
6,160,27.1
6,162,40.8
6,163,46.6
6,165,11.3
6,166,16.6
6,168,67.1
6,170,36.6
6,171,18.1
6,174,12.7
6,178,14.4
6,180,15.5
6,183,20.6
6,187,22.9
6,189,28.9
6,191,12.6
6,196,12.8
6,197,13.2
6,198,13.3
6,205,24.3
6,206,34.5
6,211,13.3
6,215,19.9
6,220,32.5
6,221,16.4
6,224,10.8
6,228,12.2
6,229,43.8
6,230,11.7
6,231,14.0
6,235,61.4
6,237,15.0
6,238,16.5
6,241,19.4
6,242,12.3
6,250,25.9
6,252,14.3
6,260,39.1
6,268,13.6
6,270,27.0
6,272,18.5
6,275,16.9
6,280,13.6
6,281,11.8
6,282,78.2
6,284,18.3
6,288,16.6
6,292,44.7
6,294,21.5
6,296,22.4
6,297,18.5
6,298,15.4
6,301,12.1
6,302,22.7
6,304,19.8
6,310,36.4
6,313,20.7
6,315,20.4
6,319,35.6
6,328,21.1
6,330,20.3
6,333,10.5
6,336,11.5
6,342,26.5
6,344,15.2
6,345,30.1
6,347,13.2
6,350,42.7
6,352,14.9
6,362,13.4
6,364,39.1
6,366,14.7
6,367,13.7
6,369,15.8
6,370,12.8
6,372,40.9
6,374,13.3
6,375,12.9
6,377,13.3
6,378,17.3
6,379,13.5
6,380,15.3
6,383,19.8
6,389,48.2
6,391,16.4
6,394,17.4
6,395,43.0
6,396,51.1
6,397,14.3
6,398,22.4
6,403,18.2
6,404,35.2
6,406,12.3
6,410,11.0
6,412,19.5
6,416,15.6
6,418,15.9
6,419,20.8
6,422,23.8
6,424,52.7
6,432,10.1
6,433,11.4
6,434,16.5
6,437,29.8
6,438,16.8
6,441,14.3
6,442,34.1
6,443,13.3
6,444,19.3
6,446,10.3
6,455,16.0
6,457,12.7
6,458,11.9
6,460,10.7
6,463,17.2
6,476,14.3
6,481,12.0
6,494,11.2
6,497,13.2
6,498,27.7
7,8,36.8
7,9,17.9
7,10,13.5
7,11,15.9
7,12,28.3
7,14,12.8
7,15,19.3
7,16,21.9
7,18,20.2
7,19,11.5
7,20,27.4
7,21,25.5
7,23,23.5
7,24,23.8
7,25,20.0
7,26,22.2
7,28,14.6
7,29,10.1
7,31,14.1
7,33,17.0
7,38,18.6
7,40,39.4
7,43,61.1
7,44,34.4
7,46,12.1
7,47,11.3
7,48,22.0
7,49,36.5
7,51,19.0
7,53,18.0
7,54,38.3
7,55,11.5
7,56,15.3
7,57,10.9
7,60,30.2
7,62,12.5
7,63,27.9
7,64,13.0
7,66,11.0
7,67,27.9
7,71,50.6
7,73,11.8
7,74,21.3
7,76,13.3
7,77,16.4
7,78,17.8
7,80,21.3
7,81,25.1
7,83,10.3
7,86,12.7
7,87,11.1
7,90,24.6
7,92,19.4
7,93,19.9
7,94,11.0
7,97,20.3
7,98,19.4
7,99,23.1
7,100,15.9
7,101,37.8
7,102,28.3
7,105,21.3
7,106,40.0
7,107,16.2
7,108,28.4
7,109,47.8
7,110,41.4
7,111,45.7
7,113,11.2
7,114,24.1
7,115,23.5
7,117,24.8
7,119,11.4
7,124,22.5
7,125,26.7
7,126,15.3
7,128,38.2
7,129,15.2
7,130,21.3
7,133,30.8
7,134,28.3
7,136,21.2
7,138,13.1
7,139,17.1
7,140,12.7
7,142,12.2
7,143,16.9
7,144,41.3
7,145,17.0
7,146,18.2
7,147,19.5
7,150,13.5
7,151,23.0
7,152,36.4
7,153,10.0
7,155,15.2
7,156,10.6
7,157,22.0
7,159,13.7
7,160,14.4
7,161,11.3
7,165,23.8
7,167,23.2
7,168,10.6
7,171,23.9
7,172,19.2
7,173,24.3
7,174,12.9
7,181,15.8
7,184,17.8
7,185,13.9
7,186,12.2
7,188,25.6
7,190,22.1
7,191,23.5
7,192,14.3
7,193,11.6
7,196,22.4
7,197,11.3
7,199,17.7
7,200,24.9
7,202,23.7
7,203,20.9
7,204,38.7
7,205,11.4
7,206,10.3
7,209,21.4
7,210,17.4
7,211,12.1
7,212,28.8
7,214,10.7
7,217,26.7
7,218,22.9
7,221,12.4
7,222,19.5
7,223,27.0
7,226,49.5
7,227,18.8
7,230,42.3
7,231,14.0
7,233,15.7
7,234,12.0
7,236,12.5
7,237,31.1
7,241,10.4
7,242,10.1
7,243,22.1
7,244,46.6
7,245,29.4
7,246,20.6
7,248,11.3
7,253,33.3
7,254,26.9
7,255,26.9
7,256,11.5
7,258,21.7
7,259,15.1
7,261,25.0
7,262,31.2
7,263,44.2
7,264,10.2
7,266,27.6
7,267,26.4
7,268,11.2
7,269,50.5
7,272,33.1
7,273,25.1
7,276,28.0
7,277,22.5
7,278,23.5
7,279,24.5
7,280,20.4
7,282,12.2
7,283,28.5
7,284,25.1
7,285,12.6
7,286,27.0
7,287,23.0
7,289,24.9
7,290,10.5
7,291,23.1
7,292,12.4
7,293,26.8
7,294,11.1
7,295,16.7
7,297,14.7
7,298,13.3
7,299,20.0
7,300,21.5
7,301,23.1
7,302,14.5
7,305,37.7
7,307,12.0
7,308,25.0
7,310,13.5
7,312,16.0
7,313,13.2
7,315,15.1
7,316,13.9
7,318,14.4
7,319,10.7
7,321,33.7
7,322,16.6
7,323,26.0
7,324,25.3
7,325,32.5
7,328,10.8
7,329,19.6
7,330,24.3
7,331,35.0
7,332,10.4
7,336,11.1
7,337,10.5
7,339,27.0
7,340,27.6
7,341,17.5
7,343,14.6
7,345,22.2
7,349,10.8
7,350,16.3
7,352,21.1
7,353,37.3
7,354,21.4
7,355,17.4
7,356,13.1
7,357,56.7
7,358,29.6
7,360,19.1
7,361,11.1
7,362,11.3
7,364,10.2
7,365,29.4
7,366,12.3
7,367,12.1
7,368,11.6
7,369,72.0
7,374,11.1
7,375,20.1
7,376,24.6
7,377,13.8
7,378,15.2
7,379,16.8
7,380,25.1
7,381,52.7
7,382,14.0
7,385,11.5
7,386,16.0
7,388,13.2
7,389,13.9
7,390,19.2
7,391,15.0
7,392,11.4
7,393,18.2
7,396,11.7
7,399,21.3
7,400,18.8
7,401,30.7
7,402,22.7
7,403,11.3
7,404,10.9
7,408,24.1
7,409,23.6
7,413,25.1
7,417,24.8
7,418,13.5
7,420,21.5
7,421,14.1
7,423,20.0
7,424,15.1
7,425,12.4
7,426,32.8
7,428,40.5
7,429,16.2
7,430,30.8
7,431,53.0
7,434,17.6
7,439,56.1
7,440,14.4
7,443,12.0
7,446,10.1
7,447,10.3
7,448,11.7
7,449,23.3
7,450,21.3
7,452,29.0
7,453,51.9
7,454,15.3
7,456,15.8
7,458,12.3
7,460,10.5
7,462,27.0
7,463,37.1
7,465,42.3
7,466,10.2
7,467,25.1
7,468,20.3
7,470,17.7
7,472,14.8
7,476,15.7
7,479,23.6
7,480,19.9
7,482,28.0
7,483,23.4
7,485,32.0
7,486,49.4
7,488,11.8
7,490,21.1
7,492,20.3
7,496,16.1
7,499,29.3
8,9,10.7
8,11,16.6
8,12,29.4
8,15,14.9
8,16,12.7
8,18,11.6
8,20,11.6
8,21,19.7
8,23,23.5
8,25,14.0
8,26,14.9
8,40,21.9
8,43,60.4
8,44,38.0
8,46,11.6
8,51,17.0
8,60,11.4
8,63,20.5
8,67,23.7
8,71,89.4
8,74,10.7
8,78,34.2
8,80,24.5
8,81,12.6
8,93,15.9
8,98,10.5
8,99,12.6
8,100,10.2
8,102,19.1
8,105,14.2
8,106,54.7
8,108,13.1
8,109,20.5
8,111,77.6
8,114,10.7
8,115,15.0
8,117,11.7
8,124,21.3
8,125,13.9
8,127,11.8
8,130,19.2
8,133,30.8
8,134,59.1
8,136,20.9
8,140,12.7
8,142,14.7
8,144,11.9
8,147,17.7
8,151,10.3
8,155,12.4
8,157,13.7
8,159,13.0
8,167,15.6
8,171,38.9
8,172,18.1
8,188,12.8
8,191,26.4
8,196,25.1
8,200,16.4
8,203,11.4
8,204,54.0
8,205,14.7
8,209,10.3
8,210,11.6
8,212,13.1
8,216,10.8
8,217,14.8
8,218,11.7
8,222,30.7
8,223,15.3
8,226,72.0
8,230,62.2
8,237,54.9
8,243,13.3
8,244,63.4
8,245,14.9
8,253,21.1
8,254,23.6
8,255,12.1
8,256,10.1
8,262,12.7
8,263,82.7
8,267,14.4
8,269,78.2
8,273,13.3
8,276,10.9
8,277,15.3
8,278,13.8
8,279,11.2
8,283,18.9
8,284,19.4
8,287,14.1
8,289,13.1
8,291,10.2
8,295,16.8
8,300,10.3
8,301,41.7
8,302,29.2
8,305,12.3
8,308,17.1
8,310,15.6
8,312,25.9
8,315,14.5
8,319,18.9
8,321,28.3
8,322,12.2
8,324,15.9
8,325,10.7
8,329,32.3
8,330,38.7
8,331,15.3
8,339,24.8
8,340,14.8
8,345,17.9
8,350,20.9
8,352,37.5
8,353,19.6
8,355,12.2
8,356,11.8
8,357,82.2
8,358,12.7
8,365,61.7
8,369,13.0
8,375,12.4
8,376,17.5
8,380,47.7
8,381,83.9
8,382,11.2
8,386,17.4
8,387,11.8
8,389,13.9
8,390,16.6
8,399,13.3
8,400,12.1
8,401,13.9
8,404,16.0
8,406,10.7
8,413,51.0
8,422,13.5
8,424,11.0
8,426,60.5
8,428,76.3
8,430,10.0
8,431,79.4
8,434,13.1
8,438,18.8
8,439,76.7
8,440,12.0
8,441,12.6
8,449,55.8
8,450,13.2
8,452,14.5
8,453,77.2
8,460,13.9
8,462,15.5
8,465,40.2
8,467,19.7
8,468,11.3
8,482,10.1
8,485,18.5
8,486,77.3
8,487,10.0
8,490,10.2
8,496,10.3
8,499,16.7
9,16,22.4
9,18,47.0
9,25,67.3
9,40,48.0
9,43,11.4
9,64,10.5
9,67,15.7
9,71,11.2
9,93,13.8
9,99,17.6
9,105,59.5
9,107,28.3
9,108,14.5
9,109,10.2
9,115,62.0
9,117,16.9
9,124,13.4
9,125,18.8
9,129,16.7
9,133,11.7
9,144,14.6
9,147,13.1
9,151,26.0
9,167,86.5
9,188,18.5
9,191,13.8
9,192,11.7
9,199,22.8
9,200,19.5
9,203,18.3
9,209,12.1
9,210,13.7
9,212,16.1
9,217,11.9
9,218,10.3
9,243,87.1
9,246,14.2
9,248,17.9
9,254,36.1
9,259,12.8
9,262,24.4
9,267,15.6
9,273,92.2
9,276,10.0
9,277,16.6
9,278,93.8
9,279,12.2
9,283,31.9
9,287,89.0
9,289,13.6
9,299,11.2
9,305,10.2
9,307,35.5
9,308,44.1
9,314,11.3
9,316,42.5
9,320,65.7
9,324,84.2
9,331,16.3
9,340,16.8
9,343,15.9
9,353,29.4
9,355,15.9
9,358,18.7
9,376,20.7
9,382,16.6
9,390,10.0
9,393,10.3
9,400,87.9
9,401,23.8
9,413,12.2
9,429,14.4
9,436,13.7
9,445,29.7
9,450,95.1
9,452,22.9
9,454,13.2
9,456,10.6
9,462,24.4
9,465,62.2
9,467,11.1
9,469,32.1
9,471,27.9
9,478,26.8
9,482,32.3
9,485,25.3
9,496,85.2
9,499,21.6
10,16,20.3
10,20,12.9
10,33,49.7
10,43,10.2
10,45,68.5
10,53,10.4
10,60,14.3
10,63,11.2
10,74,12.3
10,77,49.2
10,80,15.4
10,87,67.9
10,106,13.5
10,108,12.0
10,110,15.9
10,119,70.9
10,128,10.0
10,136,22.4
10,144,11.1
10,156,76.5
10,160,10.0
10,161,10.9
10,175,10.4
10,177,75.4
10,193,75.9
10,196,10.5
10,198,10.5
10,204,18.0
10,208,67.3
10,209,13.5
10,212,10.9
10,218,10.1
10,224,13.1
10,234,79.5
10,245,13.3
10,246,22.8
10,253,11.8
10,255,13.4
10,264,76.5
10,266,11.7
10,277,10.0
10,279,10.7
10,281,13.9
10,282,10.3
10,283,11.5
10,289,11.8
10,293,10.6
10,300,46.7
10,305,11.4
10,315,10.4
10,321,10.1
10,323,10.1
10,325,24.4
10,331,13.5
10,332,10.7
10,352,10.8
10,356,16.8
10,361,76.7
10,375,11.5
10,385,84.0
10,387,66.3
10,388,84.6
10,392,12.9
10,402,10.9
10,409,17.0
10,420,11.4
10,421,67.8
10,425,21.5
10,426,16.4
10,430,10.4
10,432,10.0
10,440,10.4
10,447,12.3
10,456,14.6
10,464,11.8
10,466,10.8
10,475,53.7
10,485,10.1
10,487,67.6
10,491,17.7
10,492,11.9
11,12,23.2
11,13,11.0
11,15,25.7
11,16,18.1
11,20,16.0
11,21,12.0
11,22,13.6
11,31,14.4
11,32,33.2
11,36,11.0
11,39,11.6
11,46,40.9
11,50,21.0
11,51,23.2
11,53,20.0
11,56,27.0
11,57,29.8
11,61,10.6
11,63,36.6
11,65,17.2
11,67,11.1
11,68,18.1
11,69,18.6
11,76,32.1
11,79,13.6
11,80,12.9
11,81,22.4
11,90,11.9
11,91,30.1
11,92,13.8
11,94,19.9
11,100,23.8
11,102,10.2
11,114,14.4
11,121,13.9
11,127,32.6
11,128,11.5
11,130,19.7
11,131,12.8
11,132,12.0
11,133,31.4
11,134,37.8
11,137,10.5
11,140,40.4
11,142,19.8
11,150,23.0
11,155,16.0
11,157,11.8
11,160,12.7
11,162,15.8
11,163,29.3
11,165,13.3
11,168,33.2
11,170,19.6
11,171,41.1
11,181,13.9
11,187,32.7
11,189,29.4
11,191,19.4
11,196,16.1
11,198,10.3
11,202,10.7
11,205,41.5
11,206,39.4
11,215,11.6
11,220,11.1
11,222,17.9
11,223,19.4
11,228,28.2
11,229,22.8
11,230,19.5
11,233,10.8
11,235,22.5
11,237,45.3
11,241,11.0
11,250,10.5
11,260,17.2
11,270,15.2
11,275,25.2
11,280,11.3
11,282,29.4
11,284,18.0
11,292,24.1
11,294,10.2
11,297,15.4
11,301,31.7
11,302,63.4
11,310,27.5
11,315,17.6
11,319,90.7
11,325,13.6
11,328,14.2
11,330,52.9
11,336,12.8
11,339,22.3
11,342,23.9
11,345,19.8
11,350,38.4
11,352,43.6
11,364,37.7
11,365,30.7
11,369,11.9
11,372,19.7
11,374,11.8
11,375,13.6
11,379,10.4
11,380,49.8
11,383,25.8
11,389,34.2
11,394,20.5
11,395,52.7
11,396,17.5
11,398,14.2
11,404,61.9
11,406,19.8
11,412,12.8
11,413,28.7
11,419,39.8
11,422,61.9
11,424,25.2
11,432,14.1
11,434,26.0
11,435,12.2
11,437,13.4
11,438,47.7
11,441,16.4
11,442,12.7
11,444,35.8
11,449,38.5
11,460,16.2
11,464,11.8
11,468,11.3
11,472,11.2
11,490,16.3
11,491,14.1
11,498,12.4
12,15,45.1
12,16,18.8
12,20,14.2
12,21,12.1
12,31,14.2
12,38,10.2
12,39,10.2
12,43,14.5
12,44,15.5
12,46,20.5
12,49,11.8
12,51,37.1
12,53,18.4
12,56,25.0
12,57,25.3
12,63,51.3
12,67,15.1
12,68,10.0
12,69,13.2
12,71,21.9
12,76,25.8
12,80,16.0
12,81,26.7
12,90,12.3
12,91,11.4
12,92,17.8
12,94,17.8
12,100,19.3
12,106,14.1
12,111,20.7
12,114,35.2
12,120,16.7
12,124,12.6
12,127,28.5
12,128,10.4
12,130,38.2
12,133,22.8
12,134,49.8
12,136,15.7
12,140,31.4
12,142,17.2
12,150,24.6
12,155,21.5
12,157,10.5
12,160,10.4
12,163,14.7
12,165,13.0
12,168,30.2
12,170,15.2
12,171,47.2
12,181,12.2
12,187,14.2
12,189,11.7
12,191,16.9
12,196,24.5
12,204,16.5
12,205,17.8
12,206,16.3
12,222,17.9
12,223,13.2
12,226,11.3
12,228,10.3
12,229,11.1
12,230,51.6
12,233,12.8
12,235,10.7
12,237,36.7
12,244,11.9
12,253,12.3
12,256,11.9
12,269,12.1
12,272,10.0
12,282,19.7
12,284,24.2
12,292,15.1
12,297,16.9
12,301,24.0
12,302,27.6
12,310,24.8
12,312,11.3
12,315,15.2
12,319,28.7
12,321,17.0
12,329,12.1
12,330,32.3
12,339,21.0
12,345,27.7
12,350,67.0
12,352,23.5
12,357,14.0
12,360,10.0
12,364,22.7
12,365,33.3
12,369,12.1
12,372,14.8
12,374,13.3
12,376,10.8
12,379,10.3
12,380,29.0
12,381,18.3
12,389,50.8
12,390,10.9
12,395,17.8
12,396,11.6
12,404,24.8
12,406,10.7
12,408,13.7
12,413,29.4
12,419,14.5
12,422,15.3
12,424,30.1
12,426,14.4
12,431,12.8
12,434,18.3
12,438,16.1
12,439,10.0
12,441,13.0
12,444,12.1
12,448,12.2
12,449,34.8
12,463,10.8
12,486,14.2
12,490,16.1
12,498,10.1
13,15,10.4
13,16,19.0
13,20,13.3
13,22,38.6
13,31,13.2
13,32,10.4
13,36,29.7
13,37,12.0
13,39,10.0
13,53,12.6
13,56,13.4
13,57,14.3
13,61,12.1
13,65,11.2
13,68,15.5
13,76,13.2
13,79,13.2
13,84,38.7
13,91,11.4
13,96,12.2
13,103,43.6
13,116,10.9
13,121,13.7
13,131,22.2
13,132,12.7
13,140,10.9
13,166,60.5
13,168,10.0
13,170,10.2
13,183,19.5
13,198,16.8
13,206,11.7
13,215,11.6
13,220,26.6
13,229,11.2
13,235,10.1
13,250,14.4
13,270,25.9
13,281,11.4
13,282,14.0
13,292,10.4
13,294,13.8
13,296,16.9
13,304,29.1
13,315,10.5
13,364,18.2
13,372,10.8
13,389,10.6
13,396,22.3
13,412,20.5
13,437,10.2
13,442,10.3
13,455,13.2
13,457,20.0
13,498,15.7
14,15,12.8
14,16,45.1
14,20,15.6
14,31,55.7
14,36,10.8
14,49,34.0
14,52,42.9
14,53,11.0
14,55,24.0
14,56,13.3
14,65,47.3
14,66,52.9
14,73,63.7
14,83,48.4
14,86,51.2
14,92,14.6
14,138,63.4
14,160,15.8
14,178,12.0
14,180,25.7
14,183,15.0
14,197,61.6
14,198,10.2
14,211,69.4
14,231,45.5
14,238,10.9
14,242,34.4
14,251,49.5
14,259,12.8
14,268,63.5
14,272,59.5
14,282,11.1
14,292,15.0
14,294,10.6
14,296,13.5
14,298,58.1
14,310,21.0
14,328,14.5
14,344,56.2
14,347,51.9
14,362,64.0
14,366,21.5
14,367,13.0
14,370,55.8
14,375,10.8
14,377,53.0
14,396,12.5
14,416,29.6
14,418,64.7
14,433,61.7
14,446,62.9
14,463,12.3
15,16,29.6
15,20,22.0
15,31,28.7
15,36,13.2
15,39,12.4
15,46,22.3
15,49,14.6
15,50,11.0
15,51,32.3
15,53,28.1
15,56,37.4
15,57,26.6
15,63,46.7
15,65,19.2
15,66,12.6
15,67,14.7
15,68,18.4
15,69,23.2
15,73,15.8
15,76,37.9
15,79,11.0
15,80,14.4
15,81,35.1
15,83,12.5
15,86,14.9
15,91,16.8
15,92,15.5
15,94,26.6
15,96,12.8
15,100,30.5
15,114,25.6
15,121,11.7
15,127,35.8
15,128,13.5
15,130,31.6
15,131,16.3
15,133,18.5
15,134,31.3
15,136,11.0
15,138,14.0
15,140,35.2
15,142,22.2
15,150,36.6
15,155,23.1
15,160,17.2
15,162,11.5
15,163,19.0
15,165,13.3
15,168,36.9
15,170,21.6
15,171,36.1
15,180,11.0
15,183,11.8
15,187,17.8
15,189,18.1
15,191,18.2
15,196,15.2
15,197,13.0
15,205,20.9
15,206,18.8
15,211,15.7
15,220,10.0
15,222,10.8
15,228,10.9
15,229,17.7
15,230,25.9
15,231,16.6
15,235,18.1
15,237,23.5
15,242,12.3
15,260,10.0
15,268,15.6
15,270,12.1
15,272,19.0
15,275,11.7
15,282,34.6
15,284,22.0
15,292,28.7
15,297,18.3
15,298,15.4
15,301,14.3
15,302,20.5
15,310,30.3
15,315,16.2
15,319,27.8
15,328,11.3
15,330,25.6
15,339,11.5
15,344,13.6
15,345,26.0
15,347,12.7
15,350,74.1
15,352,19.8
15,362,16.5
15,364,28.0
15,365,16.7
15,366,13.1
15,369,14.2
15,370,11.6
15,372,20.8
15,374,16.7
15,375,12.1
15,377,15.1
15,379,10.0
15,380,19.0
15,383,10.3
15,389,52.3
15,394,10.1
15,395,22.2
15,396,22.0
15,398,14.9
15,404,29.2
15,406,12.3
15,413,14.7
15,416,14.2
15,418,19.5
15,419,18.5
15,422,16.5
15,424,42.0
15,432,10.9
15,433,12.4
15,434,14.1
15,437,19.1
15,438,13.8
15,441,21.2
15,444,16.6
15,446,11.6
15,448,10.2
15,449,19.6
15,460,13.3
15,463,12.5
15,498,12.1
16,18,22.4
16,19,12.3
16,20,27.5
16,21,10.1
16,22,15.9
16,24,12.5
16,25,27.1
16,29,10.5
16,30,11.3
16,31,46.2
16,32,12.4
16,33,21.7
16,35,10.3
16,36,18.9
16,37,14.2
16,38,10.3
16,39,14.3
16,40,29.3
16,42,10.2
16,43,15.3
16,44,17.9
16,45,15.3
16,46,19.2
16,49,46.6
16,51,20.2
16,52,39.7
16,53,28.3
16,54,13.1
16,55,31.5
16,56,34.2
16,57,19.7
16,60,28.0
16,61,13.6
16,62,10.4
16,63,30.0
16,64,18.6
16,65,33.9
16,66,49.0
16,67,18.6
16,68,19.6
16,69,23.4
16,71,11.9
16,73,47.7
16,74,16.4
16,76,25.9
16,77,20.8
16,79,19.5
16,80,18.9
16,81,28.9
16,82,11.6
16,83,41.9
16,84,18.1
16,86,54.5
16,87,18.8
16,88,10.6
16,90,11.6
16,92,21.3
16,93,12.8
16,94,23.0
16,96,25.4
16,97,10.7
16,98,14.5
16,99,17.1
16,100,24.6
16,101,27.0
16,103,17.0
16,105,27.3
16,106,12.4
16,107,22.2
16,108,21.1
16,109,12.2
16,110,38.1
16,112,10.4
16,113,13.1
16,114,12.6
16,115,36.6
16,116,13.4
16,117,18.0
16,118,13.8
16,119,19.9
16,120,16.7
16,121,14.8
16,122,12.3
16,124,12.3
16,125,19.1
16,126,17.3
16,127,17.7
16,128,29.5
16,129,10.6
16,130,22.0
16,131,16.5
16,132,15.9
16,133,19.9
16,134,14.0
16,136,18.8
16,138,54.8
16,140,21.1
16,142,20.9
16,144,18.0
16,145,15.5
16,150,27.9
16,151,17.4
16,152,13.3
16,154,10.9
16,155,26.8
16,156,19.0
16,160,43.6
16,161,33.7
16,162,12.4
16,163,15.0
16,164,10.9
16,165,19.2
16,166,13.2
16,167,30.8
16,168,19.8
16,170,20.1
16,171,16.5
16,174,11.2
16,175,27.7
16,176,12.1
16,177,14.7
16,178,21.8
16,180,32.6
16,183,26.6
16,185,14.5
16,187,13.2
16,188,16.3
16,189,12.9
16,190,17.9
16,191,20.7
16,193,22.2
16,195,13.6
16,196,15.2
16,197,50.0
16,198,25.9
16,199,17.8
16,200,17.9
16,202,10.1
16,203,34.7
16,204,14.4
16,205,16.7
16,206,23.3
16,208,10.7
16,209,19.8
16,210,15.5
16,211,56.0
16,212,20.4
16,214,12.4
16,215,10.3
16,217,19.9
16,218,17.9
16,219,13.1
16,220,15.5
16,221,10.7
16,222,12.5
16,223,10.0
16,224,35.0
16,225,11.0
16,229,14.8
16,230,16.5
16,231,46.4
16,233,13.6
16,234,19.0
16,235,16.4
16,236,29.5
16,237,17.8
16,238,21.7
16,239,12.7
16,241,10.0
16,242,35.4
16,243,31.6
16,244,10.0
16,245,21.1
16,246,50.0
16,247,16.4
16,248,10.5
16,250,13.2
16,251,46.4
16,252,13.7
16,253,15.9
16,254,13.6
16,255,21.9
16,258,11.1
16,259,40.9
16,260,12.9
16,261,11.3
16,262,18.4
16,264,24.3
16,266,15.8
16,267,16.4
16,268,50.6
16,270,21.8
16,272,60.4
16,273,29.2
16,275,22.2
16,277,14.5
16,278,29.8
16,279,16.0
16,280,10.9
16,281,16.8
16,282,31.3
16,283,36.4
16,284,15.3
16,285,10.6
16,286,13.6
16,287,34.7
16,288,10.4
16,289,18.0
16,291,16.9
16,292,30.2
16,293,13.5
16,294,20.0
16,296,25.4
16,297,19.7
16,298,52.9
16,299,26.9
16,300,23.0
16,301,14.6
16,302,14.4
16,304,15.2
16,305,16.3
16,307,28.8
16,308,23.9
16,310,36.0
16,311,15.3
16,313,16.4
16,314,10.1
16,315,26.1
16,316,26.5
16,319,17.9
16,320,17.3
16,321,17.7
16,322,27.4
16,323,17.4
16,324,35.3
16,325,26.9
16,328,22.7
16,330,17.6
16,331,18.8
16,332,27.5
16,333,20.5
16,336,22.1
16,339,12.2
16,340,18.8
16,343,16.6
16,344,48.4
16,345,23.3
16,347,47.3
16,350,21.3
16,351,17.9
16,352,22.1
16,353,16.5
16,355,10.2
16,356,24.8
16,358,15.2
16,360,10.3
16,361,22.5
16,362,52.0
16,364,20.4
16,365,11.7
16,366,34.4
16,367,24.0
16,368,11.1
16,369,30.7
16,370,49.5
16,372,16.7
16,374,17.4
16,375,29.4
16,376,16.8
16,377,47.4
16,378,22.6
16,379,10.1
16,380,15.1
16,381,10.4
16,383,14.9
16,385,25.9
16,387,13.4
16,388,24.5
16,389,24.1
16,390,13.1
16,391,18.8
16,392,32.2
16,393,22.2
16,395,16.6
16,396,27.6
16,397,10.9
16,398,20.4
16,399,10.9
16,400,27.9
16,401,18.0
16,402,16.0
16,403,16.1
16,404,15.7
16,406,22.2
16,407,18.5
16,408,12.4
16,409,18.2
16,411,33.3
16,412,10.3
16,413,14.9
16,416,35.7
16,417,11.9
16,418,54.2
16,420,13.2
16,421,20.7
16,423,11.8
16,424,27.2
16,425,40.7
16,426,11.0
16,429,35.9
16,430,13.7
16,432,25.3
16,433,47.7
16,434,12.9
16,437,21.7
16,438,10.3
16,440,29.6
16,441,16.2
16,442,10.9
16,445,23.6
16,446,48.7
16,447,34.6
16,448,10.9
16,449,11.5
16,450,31.3
16,452,15.1
16,454,38.8
16,455,19.2
16,456,32.1
16,460,16.0
16,462,17.0
16,463,37.7
16,464,23.2
16,465,25.4
16,466,24.1
16,467,13.1
16,469,20.0
16,471,17.6
16,473,14.3
16,475,13.1
16,476,15.4
16,477,11.0
16,479,12.2
16,482,14.8
16,485,17.4
16,487,14.0
16,491,28.9
16,492,25.5
16,494,13.5
16,496,26.2
16,497,10.4
16,498,15.3
16,499,17.9
18,19,10.4
18,20,13.7
18,24,16.2
18,25,51.6
18,26,12.6
18,28,10.3
18,40,39.2
18,43,14.5
18,44,14.8
18,60,13.0
18,64,11.1
18,67,16.1
18,71,12.6
18,74,12.1
18,77,10.2
18,80,14.1
18,93,16.6
18,99,18.4
18,101,10.9
18,105,68.2
18,107,41.1
18,108,19.9
18,109,13.0
18,110,14.2
18,115,50.0
18,117,23.5
18,120,16.7
18,124,13.0
18,125,18.3
18,128,13.2
18,129,18.0
18,133,16.6
18,143,10.4
18,144,19.4
18,145,11.7
18,151,28.0
18,152,12.7
18,167,65.6
18,171,10.0
18,188,16.4
18,191,17.5
18,192,15.5
18,199,22.4
18,200,17.7
18,203,16.3
18,209,16.0
18,210,13.9
18,212,18.6
18,218,15.1
18,222,13.0
18,225,12.8
18,226,12.0
18,227,13.0
18,230,11.2
18,237,15.3
18,243,66.4
18,244,10.0
18,245,14.9
18,246,13.2
18,248,20.2
18,253,10.1
18,254,32.7
18,255,13.0
18,261,12.7
18,262,18.3
18,267,16.1
18,269,10.0
18,273,65.1
18,276,14.3
18,277,20.1
18,278,69.0
18,279,20.6
18,283,45.0
18,285,12.1
18,287,61.3
18,289,13.8
18,299,15.3
18,301,12.6
18,305,15.8
18,307,39.9
18,308,72.2
18,314,16.2
18,315,10.5
18,316,42.9
18,320,53.5
18,322,11.4
18,323,10.1
18,324,61.8
18,325,13.2
18,330,10.0
18,331,24.6
18,340,15.9
18,343,20.0
18,345,10.3
18,352,17.3
18,353,18.0
18,355,16.2
18,358,17.2
18,365,13.1
18,368,13.1
18,369,15.3
18,371,13.8
18,375,16.0
18,376,18.9
18,380,12.2
18,381,10.1
18,382,22.0
18,390,10.9
18,393,12.9
18,400,64.3
18,401,16.8
18,402,14.4
18,413,17.5
18,420,11.5
18,429,10.3
18,430,10.8
18,436,15.3
18,439,10.5
18,440,13.6
18,445,37.3
18,449,11.1
18,450,70.3
18,452,26.1
18,454,10.5
18,456,11.9
18,462,18.9
18,465,53.7
18,467,16.3
18,469,39.2
18,471,34.0
18,478,29.3
18,479,13.1
18,482,17.5
18,485,19.7
18,491,11.7
18,496,64.7
18,499,19.0
19,20,10.5
19,88,13.4
19,112,10.5
19,141,12.9
19,191,12.8
19,247,12.7
19,376,10.5
19,415,13.6
19,481,13.5
20,22,12.2
20,31,16.3
20,32,14.5
20,36,12.7
20,37,11.3
20,39,10.8
20,40,10.1
20,42,12.4
20,43,12.1
20,44,10.2
20,46,15.7
20,49,25.2
20,51,20.0
20,52,11.1
20,53,23.1
20,54,11.2
20,55,12.5
20,56,28.4
20,57,18.2
20,60,12.5
20,63,33.8
20,65,19.9
20,66,15.9
20,67,14.7
20,68,19.1
20,69,22.2
20,73,14.3
20,76,29.1
20,77,11.9
20,79,14.7
20,80,12.7
20,81,29.6
20,83,13.2
20,84,12.4
20,86,15.2
20,92,15.2
20,94,24.0
20,95,10.2
20,96,17.9
20,97,11.6
20,98,12.4
20,100,20.8
20,101,17.1
20,103,10.9
20,105,10.2
20,107,10.8
20,108,10.7
20,110,18.4
20,114,13.5
20,118,11.8
20,122,10.3
20,124,11.1
20,127,11.0
20,128,25.1
20,130,19.6
20,131,11.8
20,132,11.3
20,133,20.3
20,134,12.8
20,136,10.6
20,138,15.6
20,140,22.5
20,142,14.1
20,144,15.0
20,145,11.1
20,150,27.9
20,151,10.7
20,152,10.2
20,155,17.2
20,160,16.4
20,162,12.2
20,163,15.2
20,165,15.7
20,168,21.8
20,170,17.9
20,171,14.4
20,174,10.4
20,180,10.9
20,181,11.8
20,184,10.2
20,187,11.3
20,189,14.3
20,190,10.9
20,191,23.3
20,196,14.0
20,197,12.7
20,198,13.5
20,202,10.0
20,205,15.3
20,206,15.4
20,211,15.6
20,215,10.6
20,220,12.3
20,221,13.1
20,222,10.1
20,229,16.0
20,230,13.3
20,231,14.8
20,233,13.2
20,235,18.0
20,236,11.0
20,237,18.6
20,238,11.1
20,242,10.9
20,245,10.0
20,246,14.8
20,247,11.4
20,251,11.3
20,253,12.7
20,260,10.9
20,261,12.1
20,264,11.6
20,268,17.1
20,272,26.7
20,275,13.8
20,280,11.5
20,281,14.6
20,282,31.7
20,283,15.3
20,284,12.7
20,288,11.1
20,292,27.0
20,294,11.5
20,296,12.0
20,297,11.0
20,298,18.3
20,299,12.4
20,300,11.0
20,301,13.7
20,302,14.0
20,304,10.4
20,305,15.7
20,308,13.4
20,310,16.2
20,313,15.3
20,315,16.2
20,316,11.3
20,319,16.7
20,321,11.4
20,325,15.0
20,328,12.7
20,330,18.2
20,331,10.5
20,336,10.0
20,339,11.1
20,343,11.6
20,344,15.1
20,345,17.3
20,347,15.3
20,350,23.3
20,352,17.2
20,355,10.8
20,361,10.9
20,362,13.9
20,364,19.2
20,365,11.8
20,366,14.7
20,367,11.6
20,369,28.1
20,370,14.2
20,372,16.2
20,375,18.7
20,376,16.7
20,377,16.6
20,378,11.5
20,379,11.3
20,380,17.8
20,383,10.8
20,385,11.7
20,388,13.0
20,389,23.8
20,390,10.5
20,391,11.2
20,393,13.9
20,395,14.8
20,396,22.3
20,398,15.3
20,403,10.4
20,404,17.6
20,406,12.7
20,408,11.7
20,413,14.5
20,416,14.5
20,418,16.3
20,422,11.6
20,424,24.8
20,425,11.3
20,432,11.6
20,433,13.3
20,434,14.4
20,437,12.7
20,438,10.5
20,440,10.4
20,441,12.0
20,442,10.6
20,443,10.6
20,444,11.1
20,446,13.4
20,447,10.6
20,449,12.8
20,454,10.0
20,455,10.1
20,463,23.9
20,464,10.7
20,466,11.0
20,476,10.1
20,481,13.0
20,490,11.4
20,491,15.4
20,492,14.0
20,497,12.1
21,23,15.7
21,26,10.8
21,38,20.1
21,47,19.1
21,71,12.0
21,90,32.5
21,92,25.0
21,97,30.7
21,98,16.0
21,102,65.1
21,114,19.0
21,123,10.0
21,133,15.6
21,134,22.0
21,139,19.7
21,144,11.2
21,146,15.7
21,153,16.4
21,157,75.2
21,165,18.1
21,171,14.9
21,172,11.2
21,173,13.5
21,181,36.1
21,184,25.4
21,194,23.4
21,202,37.4
21,205,10.6
21,223,94.3
21,230,11.4
21,233,19.7
21,237,15.9
21,253,14.6
21,261,19.5
21,276,30.9
21,280,15.4
21,290,28.2
21,295,29.6
21,301,11.4
21,302,11.9
21,303,16.8
21,319,12.3
21,330,18.0
21,339,73.2
21,341,16.6
21,349,26.2
21,350,10.4
21,352,13.6
21,354,62.8
21,360,39.0
21,365,17.2
21,373,12.2
21,379,20.4
21,380,18.1
21,381,10.1
21,404,12.6
21,408,26.2
21,413,12.2
21,414,29.3
21,423,11.2
21,427,13.1
21,435,33.3
21,449,14.9
21,468,70.1
21,470,69.4
21,472,62.7
21,480,11.5
21,484,12.4
21,488,19.2
21,490,51.2
22,31,10.7
22,36,54.7
22,37,29.3
22,46,11.1
22,53,15.4
22,56,17.2
22,57,17.3
22,61,10.6
22,68,21.2
22,69,12.8
22,76,12.9
22,79,11.4
22,84,23.9
22,96,17.2
22,103,13.4
22,132,15.4
22,166,10.9
22,220,14.6
22,270,16.7
23,43,10.5
23,102,16.5
23,172,17.9
23,223,12.9
24,60,10.0
24,129,11.2
24,145,10.0
25,40,44.4
25,105,21.7
25,115,28.0
25,120,16.7
25,167,61.1
25,200,10.1
25,243,55.6
25,254,11.6
25,273,31.6
25,278,38.4
25,283,10.2
25,287,52.2
25,307,13.0
25,308,14.2
25,316,22.4
25,320,26.0
25,324,50.0
25,400,53.1
25,445,11.4
25,450,49.0
25,465,31.2
25,496,37.4
26,382,12.9
27,36,12.1
27,72,13.9
28,173,15.6
28,202,10.8
28,261,11.5
28,341,11.3
28,382,12.0
28,384,15.6
29,113,12.8
29,492,13.1
30,32,14.5
30,36,11.4
31,36,13.5
31,37,10.3
31,39,10.0
31,46,15.3
31,49,39.5
31,51,15.2
31,52,49.3
31,53,23.7
31,55,33.5
31,56,31.3
31,57,20.4
31,63,26.7
31,65,36.0
31,66,58.8
31,68,13.7
31,69,20.4
31,73,61.6
31,76,23.6
31,81,25.2
31,83,56.1
31,84,10.9
31,86,67.9
31,91,10.4
31,92,16.2
31,94,20.6
31,96,17.0
31,100,21.4
31,101,10.5
31,103,10.1
31,116,11.0
31,118,10.7
31,127,15.5
31,128,10.9
31,130,15.3
31,131,12.0
31,138,74.7
31,140,23.0
31,142,15.6
31,150,29.1
31,155,16.7
31,160,25.4
31,161,10.2
31,162,10.9
31,163,10.9
31,168,22.8
31,170,15.5
31,171,16.1
31,178,16.9
31,180,38.8
31,183,19.1
31,187,11.6
31,189,12.0
31,197,64.9
31,198,14.6
31,203,14.9
31,205,13.8
31,206,13.1
31,211,71.0
31,220,10.9
31,224,12.0
31,229,10.6
31,230,11.0
31,231,64.3
31,235,14.4
31,236,16.8
31,237,11.7
31,238,17.7
31,242,49.0
31,246,15.3
31,247,12.0
31,251,57.0
31,252,10.6
31,259,22.6
31,260,10.6
31,268,66.8
31,270,13.7
31,272,69.7
31,275,10.0
31,282,26.3
31,284,10.6
31,292,32.0
31,294,13.3
31,296,18.7
31,297,27.3
31,298,72.6
31,302,13.6
31,310,35.4
31,313,12.0
31,315,14.2
31,319,17.9
31,322,11.4
31,328,20.6
31,330,13.8
31,336,10.5
31,344,67.8
31,345,16.9
31,347,58.5
31,350,33.4
31,352,12.1
31,362,76.7
31,364,21.8
31,366,30.6
31,367,18.9
31,369,11.1
31,370,71.5
31,372,12.2
31,374,23.5
31,375,21.6
31,377,62.8
31,378,14.9
31,380,10.1
31,383,12.8
31,389,24.2
31,391,10.6
31,395,19.2
31,396,23.1
31,398,13.1
31,404,17.6
31,406,10.7
31,416,42.0
31,418,72.5
31,422,10.0
31,424,23.6
31,425,13.1
31,429,15.8
31,432,14.0
31,433,67.6
31,437,14.7
31,441,10.5
31,444,10.1
31,446,67.1
31,447,11.4
31,448,12.5
31,454,20.7
31,455,16.4
31,456,10.4
31,463,19.1
32,36,13.7
32,46,13.3
32,50,11.2
32,53,15.8
32,56,12.4
32,57,13.7
32,68,12.4
32,81,14.9
32,163,12.0
32,205,12.9
32,404,14.5
32,422,26.1
33,45,26.4
33,60,15.5
33,74,17.7
33,77,25.7
33,80,10.7
33,87,32.2
33,99,11.5
33,108,16.0
33,117,13.0
33,119,41.6
33,125,17.1
33,136,11.8
33,156,33.0
33,177,27.7
33,188,13.9
33,193,36.0
33,208,22.3
33,209,26.5
33,212,16.8
33,218,16.0
33,234,35.8
33,245,15.7
33,246,11.0
33,255,17.5
33,262,11.3
33,264,35.9
33,267,18.3
33,277,12.8
33,279,15.7
33,289,20.6
33,300,82.6
33,323,16.7
33,325,50.1
33,331,16.6
33,340,16.3
33,353,12.5
33,356,14.4
33,358,13.3
33,361,34.2
33,385,40.3
33,387,39.8
33,388,33.2
33,401,11.1
33,402,13.6
33,409,24.5
33,420,14.7
33,421,61.3
33,425,10.8
33,452,11.0
33,456,11.8
33,462,12.9
33,467,10.4
33,475,26.1
33,482,10.5
33,485,15.7
33,487,37.8
33,499,17.6
34,164,24.5
35,216,24.1
35,265,46.3
35,461,69.3
36,37,50.1
36,39,11.3
36,46,14.5
36,49,12.7
36,53,17.9
36,56,26.7
36,57,24.3
36,61,28.7
36,63,13.4
36,65,19.6
36,66,14.4
36,68,42.2
36,69,24.4
36,72,22.6
36,73,11.0
36,76,27.6
36,79,33.7
36,81,12.8
36,83,12.5
36,84,28.5
36,86,11.1
36,91,29.2
36,94,29.1
36,96,38.1
36,100,16.7
36,103,29.7
36,116,25.0
36,118,25.0
36,121,23.7
36,128,11.9
36,131,24.9
36,132,37.2
36,137,14.7
36,138,11.0
36,140,18.5
36,150,22.7
36,155,11.4
36,160,20.0
36,162,20.9
36,163,19.2
36,166,31.2
36,168,23.8
36,170,20.0
36,174,10.7
36,178,10.6
36,180,15.5
36,183,29.0
36,187,17.5
36,189,26.1
36,198,24.7
36,205,13.4
36,206,29.1
36,211,10.9
36,215,33.0
36,219,14.4
36,220,76.5
36,221,12.8
36,224,14.6
36,229,22.5
36,231,10.9
36,232,14.1
36,235,31.5
36,236,12.0
36,238,16.3
36,242,10.6
36,250,49.0
36,252,11.4
36,260,19.8
36,268,12.3
36,270,38.7
36,272,12.3
36,274,10.2
36,275,13.3
36,281,58.4
36,282,33.2
36,288,25.6
36,292,20.0
36,294,38.6
36,296,36.3
36,298,12.0
36,302,11.1
36,304,34.2
36,306,11.8
36,310,15.6
36,313,21.3
36,315,15.8
36,319,16.8
36,328,18.7
36,333,13.0
36,336,15.5
36,344,12.3
36,345,10.7
36,347,16.6
36,362,11.0
36,364,27.0
36,366,10.7
36,367,13.0
36,370,12.2
36,372,25.2
36,377,12.4
36,378,15.4
36,383,14.9
36,389,17.4
36,391,12.4
36,395,16.5
36,396,52.0
36,397,26.9
36,398,17.2
36,403,10.8
36,404,14.0
36,411,10.3
36,412,26.3
36,416,10.4
36,418,10.8
36,419,11.0
36,422,11.2
36,424,20.7
36,433,11.0
36,437,30.1
36,442,26.4
36,444,13.0
36,447,10.0
36,455,23.0
36,457,18.5
36,463,12.0
36,466,18.2
36,473,53.5
36,494,10.4
36,497,12.5
36,498,33.0
37,53,13.0
37,56,13.2
37,57,11.1
37,61,11.5
37,68,29.4
37,69,14.8
37,76,13.4
37,79,18.8
37,84,13.5
37,91,13.4
37,94,15.1
37,96,19.7
37,103,13.8
37,116,23.5
37,118,35.4
37,121,15.5
37,131,11.7
37,132,20.9
37,137,10.1
37,150,11.8
37,162,13.7
37,166,13.3
37,168,11.3
37,174,15.3
37,183,14.6
37,189,10.3
37,206,14.7
37,215,19.1
37,220,40.5
37,221,24.0
37,229,11.9
37,235,16.5
37,250,23.1
37,260,12.9
37,270,14.3
37,281,15.2
37,282,17.2
37,288,31.6
37,294,13.4
37,296,23.5
37,304,26.7
37,313,29.5
37,347,11.0
37,364,10.9
37,372,10.5
37,396,24.5
37,397,11.6
37,403,10.1
37,412,15.4
37,437,15.9
37,442,20.9
37,455,14.0
37,457,11.9
37,473,18.4
37,481,12.5
37,497,23.1
37,498,10.0
38,97,13.5
38,104,16.8
39,46,16.1
39,116,11.0
40,43,20.2
40,44,12.3
40,67,13.5
40,71,18.2
40,93,13.8
40,99,10.3
40,101,12.5
40,105,38.9
40,106,11.6
40,107,15.7
40,109,17.3
40,110,18.1
40,111,12.3
40,115,50.9
40,117,10.3
40,124,11.2
40,125,11.8
40,128,10.3
40,133,10.6
40,144,12.6
40,147,11.3
40,151,15.8
40,152,10.6
40,167,57.8
40,188,11.6
40,191,10.6
40,199,17.0
40,200,18.3
40,203,12.1
40,204,10.5
40,210,13.2
40,217,14.2
40,226,14.3
40,230,11.9
40,243,56.4
40,244,13.2
40,246,10.8
40,248,10.5
40,254,24.0
40,262,14.4
40,263,12.9
40,269,14.1
40,273,55.9
40,278,57.3
40,283,25.5
40,287,55.1
40,305,11.3
40,307,24.5
40,308,25.7
40,316,27.3
40,320,34.7
40,324,60.2
40,331,10.1
40,340,10.5
40,353,21.2
40,355,10.4
40,357,16.3
40,358,11.0
40,369,18.7
40,376,13.9
40,381,14.9
40,400,58.8
40,401,12.6
40,429,10.6
40,430,11.1
40,431,16.4
40,436,10.0
40,439,17.3
40,445,22.0
40,450,62.7
40,452,13.0
40,453,11.6
40,462,12.5
40,465,53.7
40,469,13.7
40,471,16.2
40,478,14.0
40,482,14.4
40,485,14.6
40,486,12.8
40,496,50.9
40,499,11.7
41,159,10.7
41,355,21.0
42,121,11.1
42,304,10.1
43,44,24.1
43,71,35.6
43,80,12.3
43,102,11.1
43,106,30.4
43,109,14.9
43,111,33.8
43,152,10.8
43,204,28.9
43,226,47.5
43,230,24.5
43,237,13.5
43,244,40.7
43,253,11.3
43,263,45.1
43,269,58.8
43,305,11.5
43,312,13.7
43,321,17.0
43,329,14.1
43,357,60.9
43,365,14.7
43,380,11.3
43,381,53.8
43,413,10.0
43,426,27.7
43,428,53.1
43,431,56.9
43,439,62.1
43,453,46.8
43,465,26.9
43,486,51.1
44,60,14.5
44,63,10.0
44,67,13.4
44,71,36.0
44,74,20.8
44,78,13.9
44,80,20.6
44,99,19.4
44,105,10.5
44,106,22.6
44,108,23.9
44,111,31.4
44,117,19.0
44,124,11.7
44,125,18.8
44,129,15.9
44,133,21.6
44,134,19.7
44,136,15.6
44,142,13.7
44,151,13.7
44,155,12.2
44,160,10.6
44,171,18.8
44,188,18.2
44,191,16.4
44,196,13.5
44,204,26.5
44,209,19.2
44,212,19.9
44,217,10.2
44,218,20.0
44,222,22.3
44,226,28.4
44,230,28.6
44,236,11.8
44,237,26.8
44,244,27.2
44,245,27.7
44,254,15.3
44,255,21.6
44,262,16.1
44,263,35.8
44,267,20.4
44,269,29.1
44,277,23.9
44,279,20.2
44,283,19.0
44,289,18.3
44,300,10.2
44,301,22.7
44,302,15.9
44,308,16.0
44,310,11.5
44,311,10.9
44,315,16.6
44,322,17.1
44,323,14.4
44,325,16.1
44,328,11.9
44,330,17.2
44,331,27.2
44,339,11.8
44,340,20.7
44,345,11.7
44,352,27.0
44,353,18.8
44,356,14.0
44,357,32.7
44,358,18.0
44,365,27.4
44,368,11.5
44,375,12.3
44,377,10.6
44,380,22.2
44,381,34.3
44,401,15.5
44,402,17.4
44,406,14.3
44,409,17.6
44,413,26.1
44,420,17.4
44,426,23.6
44,428,23.7
44,431,31.7
44,432,12.8
44,438,15.5
44,439,27.9
44,440,14.4
44,441,14.3
44,449,26.6
44,452,22.0
44,453,25.7
44,460,15.4
44,462,20.1
44,464,12.1
44,465,19.1
44,467,68.2
44,479,18.6
44,482,11.3
44,485,20.8
44,486,31.9
44,491,10.7
44,499,19.9
45,77,17.4
45,80,10.2
45,87,37.9
45,119,30.3
45,136,12.7
45,156,43.4
45,177,65.5
45,193,48.8
45,208,71.5
45,234,53.8
45,264,35.1
45,300,19.3
45,361,42.2
45,385,38.7
45,387,39.8
45,388,34.8
45,421,36.8
45,475,22.5
45,487,45.9
46,50,11.6
46,53,17.1
46,56,15.9
46,57,12.7
46,61,10.5
46,63,13.4
46,65,23.1
46,68,12.2
46,76,13.2
46,79,10.6
46,80,12.8
46,81,13.9
46,91,41.0
46,100,10.7
46,121,11.6
46,127,19.0
46,133,11.7
46,134,10.4
46,140,13.3
46,142,13.3
46,150,10.2
46,163,14.5
46,165,11.3
46,168,11.5
46,170,13.4
46,171,16.2
46,181,10.1
46,187,55.8
46,189,35.9
46,205,18.9
46,206,16.8
46,228,29.7
46,229,14.3
46,235,10.8
46,237,18.0
46,250,12.0
46,260,10.6
46,275,10.0
46,282,14.4
46,292,11.0
46,297,10.3
46,301,11.4
46,302,22.0
46,310,19.6
46,315,11.8
46,319,40.0
46,330,18.5
46,342,18.4
46,350,23.7
46,352,20.1
46,364,19.2
46,372,13.4
46,374,11.3
46,380,18.4
46,383,11.1
46,389,20.0
46,394,16.9
46,395,21.1
46,404,30.2
46,406,10.7
46,412,13.2
46,419,30.7
46,422,29.5
46,424,12.8
46,432,10.7
46,434,11.3
46,435,10.5
46,438,21.8
46,441,11.1
46,442,11.3
46,444,69.2
46,449,12.8
46,460,12.5
46,491,11.7
46,498,11.0
47,90,23.9
47,184,42.2
47,194,12.4
47,223,12.0
47,341,14.9
47,349,54.4
47,360,67.2
47,408,10.7
47,414,92.0
47,435,22.9
47,472,20.4
48,54,35.2
48,75,11.0
48,109,19.9
48,143,27.6
48,152,46.3
48,186,32.2
48,199,23.5
48,227,33.9
48,258,61.9
48,261,14.5
48,266,48.4
48,286,61.1
48,291,31.2
48,293,53.7
48,295,12.4
48,305,30.5
48,318,24.8
48,359,38.1
48,408,17.4
48,417,49.6
48,423,56.6
48,430,51.3
48,480,52.0
48,483,53.9
49,52,18.4
49,53,14.3
49,55,14.7
49,56,13.5
49,65,18.2
49,66,23.8
49,73,35.5
49,81,10.6
49,83,25.4
49,86,26.0
49,94,10.7
49,101,14.3
49,110,13.3
49,128,13.1
49,138,32.8
49,160,12.6
49,180,13.2
49,197,39.2
49,211,38.6
49,231,24.1
49,242,21.9
49,251,29.6
49,268,28.6
49,272,53.9
49,282,11.5
49,292,10.7
49,294,10.2
49,298,28.0
49,310,15.8
49,344,29.0
49,347,20.7
49,362,29.5
49,366,13.5
49,369,15.5
49,370,26.3
49,377,28.1
49,378,10.2
49,396,13.1
49,416,15.4
49,418,40.6
49,424,13.6
49,433,32.8
49,446,28.2
49,463,28.9
50,53,13.1
50,57,16.6
50,81,10.6
50,168,10.1
50,228,12.6
50,419,16.6
50,422,16.7
51,53,16.0
51,56,13.8
51,57,10.2
51,80,12.7
51,81,19.3
51,133,16.7
51,350,11.8
52,55,20.4
52,65,17.8
52,66,35.7
52,73,28.1
52,83,24.2
52,86,29.5
52,138,37.9
52,180,22.0
52,183,10.4
52,197,30.7
52,211,38.0
52,231,31.5
52,242,23.5
52,251,26.8
52,268,30.8
52,272,32.3
52,298,31.2
52,310,10.3
52,344,33.2
52,347,74.1
52,362,36.4
52,366,11.7
52,370,37.5
52,377,25.3
52,416,16.4
52,418,31.7
52,433,37.0
52,446,32.8
53,56,37.2
53,57,28.0
53,61,10.8
53,63,30.4
53,65,14.7
53,66,12.3
53,67,10.1
53,68,24.7
53,69,28.7
53,73,12.3
53,76,37.4
53,79,17.5
53,80,10.1
53,81,35.2
53,83,10.2
53,84,11.5
53,86,13.0
53,91,17.3
53,92,13.1
53,94,34.4
53,96,24.1
53,100,41.8
53,103,10.8
53,114,10.8
53,116,10.9
53,121,13.7
53,127,19.4
53,128,17.2
53,130,20.7
53,131,14.1
53,132,14.9
53,133,13.3
53,134,15.0
53,136,13.6
53,138,14.1
53,140,37.1
53,142,26.1
53,150,46.8
53,155,27.2
53,160,17.2
53,162,20.8
53,163,23.2
53,165,13.9
53,168,43.9
53,170,26.3
53,171,18.6
53,180,11.5
53,183,13.0
53,187,14.9
53,189,21.5
53,191,13.3
53,197,10.9
53,198,11.5
53,205,26.1
53,206,20.3
53,211,12.0
53,215,10.5
53,220,16.3
53,229,27.8
53,231,14.1
53,235,33.9
53,236,12.4
53,237,15.9
53,239,11.1
53,241,11.0
53,250,13.5
53,260,21.9
53,264,10.1
53,268,15.8
53,270,13.4
53,272,18.1
53,275,18.2
53,282,40.1
53,284,16.1
53,292,51.4
53,294,11.3
53,296,11.7
53,297,14.9
53,298,20.6
53,301,11.6
53,302,16.5
53,304,14.2
53,310,29.7
53,313,11.7
53,315,18.7
53,319,23.2
53,328,12.4
53,330,19.1
53,342,15.5
53,344,15.8
53,345,20.1
53,347,11.7
53,350,43.8
53,352,20.4
53,362,13.4
53,364,26.3
53,366,22.1
53,367,10.1
53,369,19.4
53,370,11.6
53,372,25.9
53,374,10.6
53,375,20.8
53,377,12.3
53,378,11.4
53,380,17.0
53,383,11.9
53,389,31.4
53,391,11.4
53,394,10.8
53,395,31.5
53,396,26.3
53,397,10.9
53,398,24.6
53,403,18.2
53,404,28.7
53,406,15.1
53,412,12.4
53,413,11.4
53,416,19.1
53,418,15.5
53,419,14.9
53,422,18.1
53,424,45.3
53,432,10.8
53,433,10.4
53,434,11.5
53,437,33.0
53,438,15.6
53,441,26.6
53,442,19.2
53,444,12.6
53,446,10.9
53,447,10.5
53,449,12.6
53,457,11.8
53,460,21.3
53,463,13.1
53,464,10.0
53,491,11.5
53,498,14.5
54,109,21.8
54,143,22.5
54,152,51.4
54,199,14.2
54,227,26.2
54,258,39.3
54,261,13.5
54,266,36.5
54,286,44.1
54,291,19.4
54,293,33.5
54,305,27.9
54,318,20.5
54,359,18.7
54,408,13.7
54,417,29.0
54,423,37.0
54,430,36.7
54,480,38.3
54,483,37.6
55,65,15.8
55,66,26.5
55,73,22.5
55,83,26.4
55,86,22.5
55,88,32.3
55,101,28.6
55,122,24.4
55,138,41.5
55,141,12.9
55,176,24.0
55,180,13.0
55,183,10.1
55,197,27.2
55,211,27.8
55,225,22.8
55,231,22.0
55,242,15.3
55,247,23.3
55,251,50.7
55,268,28.4
55,272,28.8
55,298,44.0
55,343,14.7
55,344,31.7
55,347,29.5
55,362,28.0
55,366,11.0
55,370,54.9
55,377,27.1
55,378,10.0
55,391,10.5
55,393,18.3
55,416,14.8
55,418,27.0
55,432,18.0
55,433,37.9
55,446,32.9
55,455,41.3
55,463,26.1
55,477,12.3
55,481,25.4
56,57,27.0
56,61,10.9
56,63,38.6
56,65,12.3
56,66,10.4
56,68,37.8
56,69,39.0
56,73,10.6
56,76,57.4
56,79,20.0
56,80,10.0
56,81,26.6
56,84,11.3
56,86,11.4
56,91,19.9
56,92,15.7
56,94,46.2
56,96,18.4
56,100,22.3
56,103,11.6
56,114,11.1
56,121,12.0
56,127,14.1
56,128,16.0
56,130,14.8
56,131,20.5
56,132,12.3
56,138,11.9
56,140,29.9
56,142,15.9
56,150,38.3
56,155,13.4
56,160,23.8
56,162,19.4
56,163,21.4
56,168,40.0
56,170,28.2
56,171,13.7
56,183,12.0
56,187,13.6
56,189,17.7
56,198,10.4
56,205,15.3
56,206,22.0
56,211,11.2
56,220,17.6
56,229,25.5
56,231,11.5
56,235,33.6
56,237,12.6
56,250,14.7
56,260,20.1
56,268,11.0
56,270,13.7
56,272,18.1
56,281,10.2
56,282,65.9
56,284,10.2
56,292,31.8
56,294,11.6
56,296,14.1
56,297,10.3
56,298,12.6
56,302,14.7
56,304,10.0
56,310,23.2
56,315,14.5
56,319,21.9
56,328,16.1
56,330,14.9
56,342,11.3
56,344,11.4
56,345,13.3
56,350,36.5
56,352,13.7
56,362,11.2
56,364,28.2
56,367,10.0
56,370,10.5
56,372,21.9
56,377,11.2
56,380,12.6
56,383,12.1
56,389,35.7
56,394,21.1
56,395,21.2
56,396,38.8
56,398,15.7
56,404,23.2
56,406,12.7
56,412,13.2
56,416,10.5
56,418,12.2
56,422,15.3
56,424,39.0
56,437,22.6
56,438,12.6
56,441,11.7
56,442,13.1
56,444,10.8
56,463,12.2
56,498,14.7
57,63,27.5
57,65,10.1
57,68,16.7
57,69,18.4
57,76,27.1
57,79,11.5
57,80,10.4
57,81,20.8
57,84,10.7
57,91,15.3
57,94,23.8
57,96,10.7
57,100,14.0
57,103,11.3
57,121,10.1
57,130,11.2
57,131,14.1
57,132,11.1
57,140,51.2
57,150,20.8
57,155,13.2
57,160,10.1
57,162,11.1
57,163,17.1
57,166,11.8
57,168,52.4
57,170,14.6
57,187,10.2
57,189,14.4
57,205,13.6
57,206,14.2
57,220,17.5
57,229,16.0
57,235,19.4
57,237,11.6
57,250,10.5
57,260,12.5
57,270,16.4
57,282,27.1
57,292,17.6
57,294,13.4
57,302,18.0
57,310,18.0
57,319,28.5
57,328,10.0
57,330,12.9
57,345,17.3
57,350,20.8
57,352,10.6
57,364,59.0
57,372,13.5
57,380,11.1
57,383,10.6
57,389,26.3
57,395,18.3
57,396,26.9
57,404,24.4
57,419,13.5
57,422,19.6
57,424,21.7
57,437,13.5
57,438,13.4
57,442,11.4
57,455,10.9
58,62,19.7
58,85,12.0
58,149,14.3
58,158,33.2
58,207,12.5
58,285,17.2
58,405,12.7
60,74,43.4
60,80,12.4
60,82,14.4
60,99,33.7
60,108,38.3
60,110,15.2
60,117,34.7
60,125,36.1
60,129,15.7
60,151,17.7
60,188,33.6
60,209,32.4
60,212,50.1
60,217,12.9
60,218,44.1
60,245,24.3
60,255,40.1
60,262,37.0
60,267,33.6
60,277,24.4
60,279,39.9
60,289,34.7
60,299,11.2
60,300,14.2
60,322,10.5
60,323,71.3
60,325,48.3
60,331,34.6
60,340,48.5
60,353,32.9
60,358,50.4
60,368,13.6
60,399,11.3
60,401,34.0
60,402,46.5
60,409,38.5
60,420,49.1
60,452,31.9
60,462,29.4
60,463,10.6
60,467,21.0
60,479,29.2
60,482,33.5
60,485,29.8
60,499,32.0
61,68,25.7
61,75,11.9
61,79,24.4
61,84,13.3
61,96,13.5
61,132,15.5
61,206,21.2
61,250,42.7
61,274,19.1
61,281,20.0
61,296,10.9
61,342,11.0
61,397,46.9
61,412,18.7
61,437,11.7
61,491,13.0
61,498,78.1
62,85,25.9
62,100,10.3
62,120,16.7
62,136,14.9
62,149,28.6
62,154,17.7
62,157,10.5
62,158,23.5
62,169,26.6
62,207,16.0
62,223,19.6
62,239,16.9
62,285,19.8
62,292,10.0
62,337,31.6
62,339,12.2
62,366,10.6
62,375,14.4
62,398,10.0
62,405,17.1
62,416,12.7
62,417,11.4
62,424,10.1
62,437,13.5
62,443,10.0
62,460,12.9
63,69,16.9
63,76,27.4
63,80,17.2
63,81,31.8
63,94,14.6
63,100,11.4
63,130,15.7
63,133,15.2
63,140,10.3
63,168,17.0
63,171,10.3
63,230,11.8
63,282,10.3
63,389,14.6
64,210,35.0
65,66,28.3
65,73,16.3
65,83,19.8
65,86,20.7
65,138,14.4
65,187,20.7
65,189,13.1
65,211,11.1
65,298,10.9
66,73,37.3
66,83,34.7
66,86,38.0
66,96,11.1
66,116,10.9
66,138,47.7
66,160,11.6
66,180,25.2
66,183,16.6
66,197,40.9
66,211,44.6
66,231,31.7
66,242,23.1
66,247,10.0
66,251,38.6
66,268,46.6
66,272,40.2
66,292,13.4
66,296,14.5
66,298,46.2
66,310,17.0
66,328,10.6
66,344,47.4
66,347,60.2
66,362,47.8
66,366,16.1
66,370,51.6
66,377,44.6
66,396,10.5
66,416,24.4
66,418,41.5
66,433,50.2
66,446,52.6
66,455,10.6
67,80,10.9
67,81,10.5
67,124,16.8
67,133,15.8
67,159,11.5
67,191,18.9
67,376,14.6
68,69,24.3
68,76,25.4
68,79,34.5
68,81,14.1
68,84,13.2
68,91,18.1
68,94,16.5
68,96,21.3
68,121,17.4
68,128,10.3
68,131,10.5
68,132,16.6
68,150,11.6
68,162,10.0
68,163,12.1
68,168,11.6
68,170,17.6
68,189,10.7
68,206,24.5
68,220,19.3
68,229,20.2
68,235,19.5
68,250,29.8
68,260,12.7
68,274,13.6
68,281,16.6
68,282,30.7
68,296,10.9
68,304,10.6
68,342,16.1
68,372,12.7
68,396,18.5
68,397,36.7
68,398,10.2
68,412,23.4
68,424,10.9
68,437,29.4
68,442,17.8
68,498,30.3
69,76,34.8
69,79,11.3
69,81,17.4
69,91,11.1
69,94,30.8
69,96,13.9
69,100,13.0
69,131,14.1
69,140,14.5
69,150,24.5
69,160,25.6
69,162,16.1
69,163,16.1
69,168,27.6
69,170,16.4
69,178,18.4
69,183,10.2
69,206,11.4
69,220,11.3
69,229,16.6
69,235,24.3
69,238,27.9
69,260,14.0
69,282,39.7
69,292,17.3
69,296,22.2
69,310,14.9
69,328,35.6
69,350,10.5
69,364,12.8
69,367,22.6
69,372,13.4
69,389,13.3
69,395,13.4
69,396,26.8
69,424,19.1
69,437,14.7
69,442,11.3
71,80,17.2
71,106,30.1
71,111,35.0
71,226,19.5
71,230,20.9
71,244,14.2
71,263,13.6
71,269,13.9
71,357,14.8
71,365,10.7
71,381,21.2
71,426,11.1
71,428,12.9
71,431,13.5
71,439,13.8
71,453,15.0
71,486,15.3
73,83,35.2
73,86,43.2
73,138,30.1
73,180,11.7
73,197,41.6
73,211,36.4
73,231,22.7
73,242,19.5
73,251,27.2
73,268,33.4
73,272,30.2
73,298,25.9
73,310,12.7
73,344,29.3
73,347,17.6
73,362,31.5
73,366,11.5
73,370,24.2
73,377,24.6
73,416,14.4
73,418,56.6
73,433,31.1
73,446,30.3
74,80,16.0
74,99,28.1
74,108,28.3
74,117,32.6
74,125,20.1
74,129,16.2
74,188,16.0
74,209,28.0
74,212,30.0
74,218,38.7
74,245,18.2
74,255,17.0
74,267,14.4
74,277,15.1
74,279,44.9
74,289,17.6
74,323,51.1
74,325,25.5
74,331,29.8
74,340,24.0
74,358,28.6
74,368,11.4
74,402,60.8
74,409,28.4
74,420,76.9
74,452,23.0
74,462,10.6
74,467,24.7
74,479,23.8
74,485,10.1
74,499,12.8
75,79,13.8
76,79,13.0
76,80,10.2
76,81,27.9
76,91,14.4
76,94,35.4
76,96,12.9
76,100,14.7
76,128,10.0
76,131,26.1
76,140,22.9
76,142,10.4
76,150,27.6
76,160,11.6
76,162,14.7
76,163,17.4
76,168,31.4
76,170,21.3
76,183,10.1
76,189,11.9
76,205,12.4
76,206,15.6
76,220,12.0
76,229,18.5
76,235,25.9
76,260,15.1
76,270,10.2
76,282,45.3
76,292,20.1
76,302,10.8
76,310,10.7
76,315,10.4
76,319,20.8
76,330,11.0
76,342,10.3
76,350,22.8
76,364,23.5
76,372,16.7
76,389,24.9
76,395,16.1
76,396,29.0
76,404,18.0
76,422,12.9
76,424,24.8
76,437,12.1
76,498,11.5
77,80,11.0
77,87,20.3
77,119,23.4
77,156,24.5
77,177,17.8
77,193,26.8
77,208,16.0
77,234,23.9
77,264,28.8
77,300,19.6
77,361,26.2
77,385,43.8
77,387,31.3
77,388,33.3
77,421,27.8
77,475,27.0
77,487,25.4
78,80,23.5
78,106,10.9
78,111,11.3
78,295,17.9
78,428,10.3
79,84,13.2
79,96,18.4
79,132,16.6
79,170,10.4
79,186,13.2
79,198,10.1
79,206,16.6
79,220,13.1
79,229,12.1
79,250,23.9
79,274,12.0
79,281,18.9
79,282,13.2
79,296,11.9
79,306,10.0
79,342,14.2
79,396,10.0
79,397,36.1
79,412,18.0
79,437,29.2
79,442,10.3
79,491,10.2
79,498,21.2
80,81,12.6
80,99,13.4
80,100,10.3
80,106,15.1
80,108,19.0
80,111,15.7
80,117,14.2
80,125,14.8
80,130,12.4
80,133,21.1
80,134,22.2
80,136,17.7
80,140,13.7
80,142,17.5
80,144,11.0
80,150,10.5
80,155,13.9
80,156,11.3
80,168,10.4
80,170,13.2
80,171,24.8
80,187,10.0
80,188,13.4
80,191,11.9
80,193,11.5
80,196,19.5
80,198,13.0
80,204,18.1
80,205,15.2
80,206,11.2
80,208,10.4
80,209,16.1
80,212,16.6
80,218,18.2
80,222,22.8
80,226,15.0
80,230,23.4
80,234,10.0
80,236,12.1
80,237,32.7
80,244,17.7
80,245,20.6
80,255,17.5
80,262,12.1
80,264,12.4
80,267,18.5
80,269,13.8
80,275,13.0
80,277,19.5
80,279,16.9
80,283,17.7
80,289,15.4
80,292,10.7
80,295,21.5
80,300,14.8
80,301,25.7
80,302,24.8
80,308,15.5
80,310,10.5
80,311,14.6
80,312,11.4
80,315,22.5
80,319,20.4
80,322,13.4
80,323,13.4
80,325,19.3
80,329,10.8
80,330,19.8
80,331,22.5
80,336,10.4
80,339,15.4
80,340,17.4
80,345,11.7
80,350,16.6
80,352,35.5
80,353,12.9
80,356,22.4
80,357,15.2
80,358,13.3
80,361,12.8
80,364,14.9
80,365,26.7
80,372,13.6
80,375,19.2
80,380,27.1
80,381,17.6
80,385,11.0
80,387,10.9
80,388,13.6
80,389,19.6
80,398,13.2
80,401,11.7
80,402,14.6
80,404,16.3
80,406,19.8
80,409,16.1
80,411,11.5
80,413,29.3
80,417,10.9
80,420,15.4
80,421,10.4
80,422,13.7
80,424,15.1
80,425,11.8
80,426,16.1
80,428,13.3
80,431,14.9
80,432,17.2
80,438,21.2
80,439,11.6
80,441,16.6
80,449,30.6
80,452,14.2
80,456,15.1
80,459,10.7
80,460,19.5
80,462,15.3
80,464,15.4
80,467,24.2
80,475,10.2
80,479,12.6
80,482,10.9
80,485,18.5
80,486,16.6
80,487,10.4
80,491,21.1
80,494,12.5
80,499,16.2
81,94,20.2
81,96,13.0
81,100,27.9
81,114,13.0
81,127,15.6
81,128,13.6
81,130,20.6
81,131,10.4
81,133,13.7
81,134,14.8
81,140,38.8
81,142,18.8
81,150,38.4
81,155,24.1
81,160,11.8
81,163,14.3
81,165,12.0
81,168,31.1
81,170,15.7
81,171,18.1
81,187,10.4
81,189,13.2
81,191,11.6
81,196,10.1
81,205,18.4
81,206,14.3
81,229,14.3
81,230,11.4
81,235,15.6
81,237,14.6
81,272,12.1
81,275,14.5
81,282,26.4
81,284,13.6
81,292,35.3
81,297,10.0
81,298,11.6
81,301,10.3
81,302,14.2
81,310,15.4
81,315,14.5
81,319,19.5
81,330,17.6
81,345,17.1
81,350,50.4
81,352,16.4
81,364,22.5
81,366,12.9
81,369,19.8
81,372,15.7
81,375,16.0
81,380,14.1
81,389,30.3
81,395,18.2
81,396,15.3
81,398,15.9
81,404,23.9
81,406,14.7
81,413,11.2
81,416,13.7
81,418,10.0
81,422,17.9
81,424,35.2
81,434,10.3
81,437,19.5
81,438,12.4
81,441,19.2
81,449,13.6
81,460,14.8
81,463,11.4
82,255,10.3
83,86,35.7
83,138,35.7
83,180,15.5
83,183,10.0
83,197,37.7
83,211,36.7
83,231,25.3
83,242,25.0
83,251,37.5
83,268,35.4
83,272,32.1
83,298,33.0
83,344,42.0
83,347,26.9
83,362,35.2
83,366,12.8
83,370,38.9
83,377,38.9
83,416,22.7
83,418,40.9
83,433,42.1
83,446,38.9
83,455,10.8
84,96,13.1
84,103,57.6
84,116,12.8
84,121,11.9
84,131,20.1
84,132,12.6
84,166,67.8
84,183,24.3
84,198,23.8
84,206,10.8
84,215,10.7
84,219,12.0
84,220,24.1
84,250,14.8
84,270,21.3
84,275,11.6
84,281,11.4
84,282,11.6
84,294,13.6
84,296,20.8
84,304,38.8
84,311,11.0
84,315,11.5
84,364,11.4
84,372,11.3
84,396,17.9
84,397,12.2
84,398,11.3
84,412,33.4
84,437,12.7
84,442,13.6
84,455,12.4
84,457,24.7
84,464,10.0
84,498,17.2
85,149,22.8
85,158,17.0
85,169,18.8
85,207,14.1
85,285,18.2
85,337,13.7
85,405,15.2
86,138,49.3
86,160,11.2
86,180,20.4
86,183,10.7
86,197,47.4
86,211,50.7
86,231,39.2
86,242,28.0
86,251,38.8
86,259,10.4
86,268,45.2
86,272,47.8
86,292,13.1
86,298,39.7
86,310,12.5
86,328,10.6
86,344,49.1
86,347,34.7
86,362,59.9
86,366,14.7
86,367,10.0
86,370,44.0
86,377,43.9
86,416,22.8
86,418,56.6
86,433,49.3
86,446,49.5
87,119,35.9
87,136,11.9
87,156,41.6
87,177,46.7
87,193,44.3
87,208,40.0
87,234,51.7
87,264,42.0
87,300,23.1
87,361,40.0
87,385,43.5
87,387,52.7
87,388,34.4
87,421,44.3
87,475,23.4
87,487,55.2
88,101,18.8
88,122,26.1
88,141,11.5
88,176,16.1
88,221,12.9
88,225,11.9
88,247,18.4
88,393,10.0
88,455,16.7
88,463,10.8
88,481,47.8
89,406,13.1
90,92,13.6
90,102,12.9
90,184,21.9
90,223,21.1
90,339,13.1
90,341,17.7
90,349,24.0
90,360,41.9
90,408,29.2
90,414,26.1
90,435,10.2
90,468,10.9
90,472,19.0
90,493,18.3
91,187,29.0
91,189,25.8
91,444,13.9
92,233,24.4
92,408,37.6
92,427,13.5
92,435,11.5
92,472,14.1
93,200,43.9
93,297,14.4
94,96,11.4
94,100,11.9
94,131,10.5
94,140,14.3
94,150,21.8
94,162,14.5
94,168,22.7
94,170,13.6
94,229,11.7
94,235,24.0
94,260,18.0
94,282,30.6
94,292,13.1
94,364,14.9
94,372,13.3
94,378,15.1
94,389,14.3
94,391,15.0
94,396,22.4
94,424,15.2
96,100,11.5
96,103,12.8
96,116,23.8
96,118,10.3
96,121,10.2
96,131,10.9
96,132,16.2
96,142,10.7
96,150,12.9
96,155,10.6
96,160,10.6
96,166,11.5
96,168,10.3
96,170,12.8
96,183,27.0
96,189,10.2
96,195,15.0
96,198,16.6
96,205,10.9
96,206,17.9
96,215,14.3
96,219,11.3
96,220,26.4
96,229,13.6
96,235,15.0
96,236,11.2
96,250,19.5
96,260,10.9
96,270,12.9
96,275,18.4
96,281,33.9
96,282,18.5
96,292,18.7
96,294,10.9
96,296,18.9
96,304,28.9
96,315,10.1
96,344,10.1
96,347,10.3
96,363,14.4
96,364,12.3
96,366,10.9
96,372,11.8
96,396,18.2
96,397,18.4
96,398,19.7
96,412,16.4
96,416,10.8
96,424,15.4
96,437,30.4
96,441,11.9
96,442,25.1
96,457,16.2
96,460,12.5
96,466,12.1
96,473,24.3
96,491,10.9
96,498,12.1
97,223,10.8
98,139,12.7
98,181,32.2
98,194,14.7
98,290,37.9
98,435,15.8
98,468,13.9
98,490,17.3
99,108,38.9
99,117,42.5
99,125,50.0
99,129,21.4
99,151,14.9
99,188,46.0
99,209,33.0
99,212,62.5
99,218,39.7
99,245,20.9
99,255,20.8
99,262,57.1
99,267,42.0
99,277,40.4
99,279,41.4
99,289,39.6
99,323,43.4
99,325,30.9
99,331,42.4
99,340,67.4
99,353,70.6
99,358,57.5
99,368,15.7
99,401,55.1
99,402,33.8
99,409,29.6
99,420,31.7
99,452,43.6
99,456,10.6
99,462,55.2
99,467,21.4
99,479,31.7
99,482,61.9
99,485,65.2
99,499,48.3
100,127,11.3
100,140,14.5
100,142,14.3
100,150,21.6
100,155,15.3
100,163,13.4
100,168,15.0
100,170,11.3
100,171,11.0
100,189,11.6
100,205,20.9
100,206,13.5
100,229,11.7
100,235,12.5
100,275,14.8
100,282,14.9
100,292,27.0
100,302,10.4
100,310,13.9
100,319,16.1
100,330,12.0
100,350,26.8
100,352,11.2
100,364,12.1
100,366,12.4
100,372,12.2
100,380,11.5
100,389,14.9
100,395,28.0
100,398,13.2
100,404,18.0
100,406,13.9
100,416,11.2
100,419,11.1
100,422,16.3
100,424,25.4
100,437,21.0
100,438,10.5
100,441,14.3
100,460,15.4
101,110,12.1
101,122,15.3
101,176,16.8
101,225,14.2
101,247,11.1
101,343,11.0
101,393,15.6
101,455,23.1
101,463,35.0
101,481,14.0
102,157,28.6
102,202,10.3
102,223,12.2
102,339,23.5
102,468,12.6
102,470,11.1
102,472,15.0
103,131,16.2
103,166,43.0
103,183,13.8
103,198,10.8
103,220,11.9
103,270,13.0
103,296,11.4
103,304,27.9
103,412,15.6
103,457,16.7
105,107,17.8
105,115,26.9
105,120,16.7
105,151,11.1
105,167,26.1
105,243,28.3
105,254,14.3
105,273,35.1
105,278,34.9
105,283,22.2
105,287,25.4
105,307,20.1
105,308,29.5
105,316,19.5
105,320,28.8
105,324,35.8
105,400,31.8
105,445,16.9
105,450,35.1
105,452,10.8
105,465,26.8
105,469,18.8
105,471,14.4
105,478,18.1
105,496,38.5
106,111,31.6
106,204,49.7
106,226,37.8
106,230,20.7
106,244,33.8
106,263,35.2
106,269,41.8
106,312,15.8
106,321,17.1
106,329,21.4
106,357,49.5
106,365,11.6
106,381,41.7
106,426,57.5
106,428,43.0
106,431,45.0
106,439,44.3
106,453,37.3
106,465,13.8
106,486,43.4
107,115,10.1
108,117,38.3
108,125,33.8
108,129,18.3
108,151,14.1
108,188,27.9
108,209,40.2
108,212,55.3
108,218,35.1
108,245,26.2
108,255,25.3
108,262,33.6
108,267,32.4
108,277,28.4
108,279,45.3
108,289,29.3
108,323,51.7
108,325,45.7
108,331,48.2
108,340,42.5
108,353,37.3
108,358,44.1
108,368,14.5
108,401,32.7
108,402,39.7
108,409,31.3
108,420,31.7
108,452,36.6
108,462,32.4
108,467,25.6
108,479,30.2
108,482,28.0
108,485,34.3
108,499,34.0
109,143,21.4
109,152,19.1
109,227,21.3
109,244,10.5
109,258,10.8
109,263,10.3
109,266,14.3
109,286,15.9
109,293,13.6
109,305,18.1
109,318,20.3
109,357,10.4
109,369,11.7
109,417,15.6
109,428,10.3
109,430,16.4
109,431,10.1
109,439,14.2
109,453,15.9
109,480,11.9
109,483,24.5
110,128,10.2
110,155,10.2
110,369,10.6
110,463,18.5
111,204,20.6
111,226,36.6
111,230,24.8
111,237,12.7
111,244,26.9
111,263,47.1
111,269,48.5
111,329,10.3
111,357,43.7
111,365,16.2
111,380,12.8
111,381,43.9
111,413,12.2
111,426,23.5
111,428,54.8
111,431,50.0
111,439,43.9
111,449,11.2
111,453,43.9
111,465,10.6
111,486,52.0
113,190,20.8
114,350,10.2
115,120,16.7
115,167,34.6
115,199,11.8
115,243,32.7
115,254,10.2
115,273,30.1
115,278,32.8
115,283,16.5
115,287,33.9
115,307,19.8
115,308,12.7
115,316,18.1
115,320,23.8
115,324,47.4
115,400,36.3
115,445,17.4
115,450,37.1
115,465,23.5
115,471,11.9
115,478,11.5
115,496,36.1
116,304,19.1
116,442,24.6
117,125,29.1
117,129,21.6
117,151,12.5
117,188,22.0
117,209,33.7
117,212,45.8
117,218,46.8
117,245,16.6
117,255,16.4
117,262,19.0
117,267,21.9
117,277,22.0
117,279,56.6
117,289,21.6
117,323,46.1
117,325,31.0
117,331,38.3
117,340,36.8
117,353,26.7
117,358,38.7
117,368,13.6
117,401,17.9
117,402,48.0
117,409,25.4
117,420,44.5
117,452,33.1
117,462,20.4
117,467,19.0
117,479,29.5
117,482,14.0
117,485,21.3
117,499,22.4
118,174,14.5
118,221,16.8
118,313,40.4
118,497,61.4
119,156,30.7
119,177,24.5
119,193,29.5
119,208,20.8
119,234,29.1
119,264,48.5
119,300,25.8
119,361,29.6
119,385,35.5
119,387,25.6
119,388,31.7
119,421,34.8
119,475,18.5
119,487,26.8
120,133,16.7
120,436,16.7
121,163,12.1
121,342,10.6
122,176,31.1
122,221,12.8
122,225,19.3
122,247,17.3
122,288,14.0
122,384,15.8
122,393,17.4
122,455,18.6
122,463,15.2
122,481,32.8
123,153,17.9
123,373,18.5
123,470,11.9
123,484,27.5
124,133,19.0
124,147,12.0
124,159,13.6
125,129,16.1
125,151,11.2
125,188,45.2
125,209,29.4
125,212,53.5
125,218,30.9
125,245,14.6
125,255,21.5
125,262,65.7
125,267,49.3
125,277,35.9
125,279,27.6
125,289,43.0
125,323,41.6
125,325,37.8
125,331,28.3
125,340,66.0
125,353,76.5
125,358,54.1
125,401,67.4
125,402,23.1
125,409,32.5
125,411,10.3
125,420,22.4
125,452,33.7
125,456,11.3
125,462,64.2
125,467,15.3
125,479,24.7
125,482,68.1
125,485,71.3
125,499,59.1
126,217,23.2
126,299,18.8
126,399,20.5
127,350,10.9
128,137,12.8
128,163,16.5
128,229,25.1
128,235,10.5
128,241,46.9
128,272,11.2
128,282,13.8
128,342,11.3
128,369,13.8
128,442,14.4
128,463,14.1
129,151,28.9
129,188,17.0
129,209,18.2
129,212,20.7
129,218,16.7
129,245,11.1
129,255,10.6
129,262,16.5
129,267,14.2
129,277,17.2
129,279,22.3
129,289,16.7
129,323,14.9
129,331,23.8
129,340,20.3
129,353,12.9
129,358,38.1
129,368,28.7
129,401,17.4
129,402,21.5
129,420,21.5
129,452,33.0
129,462,16.9
129,467,20.8
129,479,26.5
129,482,19.8
129,485,12.9
129,499,15.2
130,133,13.6
130,134,11.2
130,350,13.1
131,166,17.5
131,455,10.8
132,183,10.4
132,206,14.7
132,219,11.5
132,220,18.1
132,229,10.6
132,232,11.3
132,250,23.1
132,270,11.1
132,281,12.5
132,296,10.0
132,372,12.4
132,397,24.5
132,412,12.5
132,437,15.3
132,442,14.2
132,457,10.1
132,473,10.6
132,498,18.2
133,134,23.4
133,140,11.2
133,147,10.5
133,159,13.9
133,171,23.2
133,191,33.6
133,205,13.4
133,222,12.1
133,230,10.9
133,237,26.3
133,301,16.5
133,302,23.8
133,319,30.5
133,325,10.8
133,330,32.7
133,331,11.1
133,339,14.4
133,350,17.0
133,352,24.7
133,355,12.4
133,365,22.3
133,376,21.3
133,380,27.7
133,395,12.2
133,404,19.2
133,413,19.6
133,422,20.4
133,438,19.2
133,449,26.0
134,142,11.2
134,171,52.8
134,222,28.1
134,230,33.3
134,237,35.2
134,301,23.4
134,330,29.5
134,339,19.3
134,352,20.7
134,365,49.2
134,380,20.1
134,413,25.0
134,449,40.2
135,338,37.6
135,451,43.0
137,163,17.7
137,229,13.9
137,241,14.9
137,442,10.2
138,180,12.2
138,197,39.2
138,211,40.3
138,231,26.5
138,242,15.6
138,251,28.9
138,268,33.7
138,272,39.2
138,298,42.6
138,344,36.0
138,347,27.2
138,362,43.3
138,366,10.5
138,370,58.3
138,377,30.7
138,416,15.0
138,418,35.5
138,433,42.6
138,446,35.9
139,146,17.8
140,168,38.4
140,319,14.4
140,350,10.4
140,364,19.7
140,404,11.9
142,205,10.8
142,315,11.6
142,350,15.9
142,352,14.6
142,380,11.0
142,406,19.0
142,437,13.2
142,438,10.9
142,441,62.2
142,449,13.0
142,460,20.8
143,152,20.5
143,199,11.3
143,227,30.3
143,258,15.2
143,266,17.0
143,286,18.0
143,291,14.7
143,293,15.0
143,305,14.5
143,318,26.8
143,417,17.8
143,423,12.7
143,430,21.5
143,480,14.6
143,483,31.5
144,165,11.8
144,190,18.8
145,214,31.0
145,317,41.6
145,476,12.8
145,477,17.0
146,261,12.5
146,468,12.0
147,159,10.6
147,355,11.0
147,386,13.4
149,158,23.3
149,169,17.4
149,207,20.2
149,285,20.6
149,337,13.9
149,405,17.1
150,168,17.6
150,235,15.0
150,260,10.6
150,282,14.4
150,292,12.9
150,372,10.1
150,389,10.0
150,395,10.4
150,424,10.8
151,188,11.5
151,209,12.2
151,358,19.4
151,368,13.6
151,452,27.7
151,479,14.7
152,199,11.8
152,227,27.7
152,258,34.5
152,266,29.1
152,286,28.6
152,291,21.7
152,293,28.8
152,305,15.9
152,359,17.1
152,408,11.5
152,417,18.8
152,423,26.9
152,430,33.6
152,480,25.4
152,483,23.2
153,157,13.6
153,373,20.7
153,484,20.0
154,239,19.6
154,437,12.5
154,460,14.9
155,424,10.4
156,177,33.6
156,193,32.5
156,208,22.7
156,234,31.8
156,264,32.5
156,300,12.7
156,361,33.6
156,385,34.3
156,387,25.4
156,388,28.5
156,421,26.9
156,475,12.1
156,487,33.3
157,181,10.6
157,202,13.6
157,223,55.7
157,276,13.7
157,295,12.3
157,303,17.4
157,339,37.8
157,354,40.4
157,435,10.4
157,468,26.4
157,470,73.0
157,472,26.7
157,490,21.1
158,169,19.6
158,207,21.4
158,285,34.4
158,337,12.0
158,405,29.7
159,355,16.5
160,178,19.0
160,238,21.9
160,296,17.2
160,310,13.1
160,328,39.3
160,367,25.1
161,175,53.2
161,332,49.4
161,351,31.4
161,392,50.5
161,407,38.6
161,411,46.0
161,447,50.5
162,235,20.4
162,260,16.9
162,395,13.0
163,168,11.6
163,206,12.1
163,229,34.9
163,235,13.8
163,241,25.5
163,282,12.7
163,319,12.1
163,342,20.6
163,364,10.0
163,395,20.5
163,404,10.6
163,419,14.3
163,422,13.4
163,442,28.9
165,190,22.6
166,183,10.8
166,270,13.6
166,304,17.2
166,457,12.9
167,243,48.6
167,273,25.9
167,278,24.1
167,287,33.6
167,316,10.9
167,320,11.0
167,324,32.3
167,400,32.2
167,450,35.0
167,465,16.3
167,496,18.7
168,229,10.3
168,235,13.7
168,282,21.7
168,292,13.7
168,319,16.3
168,350,16.8
168,364,28.0
168,389,18.2
168,395,12.3
168,396,12.3
168,404,18.4
168,422,10.5
168,424,18.9
169,207,10.0
169,285,10.0
169,337,11.4
170,235,10.4
170,282,12.0
170,315,19.6
170,372,22.4
170,460,11.3
171,222,20.5
171,230,19.1
171,237,30.2
171,301,19.6
171,302,20.5
171,310,10.7
171,319,11.6
171,330,29.0
171,350,21.7
171,352,23.2
171,365,36.8
171,380,24.3
171,404,10.8
171,413,27.1
171,438,12.1
171,449,45.0
174,221,45.8
174,313,39.3
174,481,15.0
174,497,15.7
175,332,56.4
175,351,23.7
175,392,52.7
175,407,45.0
175,411,69.0
175,447,48.9
176,225,17.1
176,455,12.8
176,481,17.8
177,193,38.9
177,208,53.4
177,234,51.0
177,264,25.7
177,300,12.8
177,361,33.0
177,385,27.7
177,387,30.2
177,388,23.0
177,421,32.0
177,475,14.3
177,487,42.0
178,238,42.4
178,296,11.2
178,328,27.7
178,367,33.6
180,242,12.8
181,194,10.0
181,290,25.2
181,339,10.6
181,435,11.3
183,296,21.0
184,349,11.3
186,261,13.7
186,286,17.6
186,293,30.2
187,189,27.7
187,228,15.7
187,319,11.0
187,342,11.9
187,404,10.4
187,419,15.1
187,444,69.8
188,209,23.2
188,212,35.2
188,218,22.4
188,245,11.9
188,255,24.9
188,262,87.8
188,267,64.2
188,277,45.0
188,279,16.8
188,289,53.4
188,323,29.5
188,325,28.6
188,331,21.2
188,340,45.8
188,353,82.0
188,358,49.8
188,401,87.5
188,402,14.9
188,409,22.1
188,420,14.9
188,452,31.0
188,462,82.2
188,467,12.4
188,479,16.5
188,482,80.9
188,485,91.0
188,499,69.4
189,228,11.7
189,342,11.6
189,419,15.2
189,444,28.1
190,311,13.1
190,492,35.3
192,384,15.0
193,208,25.7
193,234,34.9
193,264,28.6
193,300,15.5
193,361,30.0
193,385,29.7
193,387,31.8
193,388,21.3
193,421,34.3
193,475,15.5
193,487,35.5
194,290,10.7
194,472,16.1
195,363,16.6
197,211,32.5
197,231,10.5
197,242,10.4
197,251,15.8
197,268,16.8
197,272,23.3
197,298,16.0
197,344,18.1
197,362,18.3
197,370,17.0
197,377,15.1
197,418,21.8
197,433,20.3
197,446,19.5
198,296,11.5
198,336,18.2
199,227,11.6
199,286,11.5
199,293,13.2
199,307,10.2
199,430,10.5
202,223,13.9
202,261,18.5
202,276,10.5
202,354,14.5
202,468,12.5
202,472,16.4
202,490,10.2
203,236,11.7
203,246,43.4
203,259,33.9
203,299,12.8
203,429,40.9
203,454,37.3
204,226,12.2
204,244,17.3
204,357,10.5
204,381,12.5
204,426,31.0
205,301,10.4
205,319,17.6
205,330,13.7
205,352,14.3
205,380,21.8
205,395,18.4
205,404,15.1
205,406,13.5
205,422,16.1
205,437,10.4
205,438,15.6
205,441,14.3
205,449,11.2
205,460,14.4
206,235,14.1
206,250,12.6
206,498,11.2
207,285,15.8
207,405,22.3
208,234,24.4
208,264,10.6
208,361,16.0
208,385,11.8
208,387,18.5
208,388,12.7
208,421,11.4
208,487,19.5
209,212,45.0
209,218,32.2
209,245,25.9
209,255,22.3
209,262,21.7
209,267,25.0
209,277,23.5
209,279,38.6
209,289,27.2
209,300,21.9
209,323,39.8
209,325,44.2
209,331,37.3
209,340,38.2
209,353,27.8
209,358,35.9
209,368,14.6
209,401,20.1
209,402,36.1
209,409,31.6
209,420,32.2
209,452,30.3
209,462,23.6
209,467,26.1
209,479,32.1
209,482,19.5
209,485,21.3
209,499,26.6
211,231,18.8
211,242,13.3
211,251,16.2
211,268,21.6
211,272,26.9
211,298,19.5
211,344,25.9
211,347,16.9
211,362,31.8
211,370,24.7
211,377,22.2
211,416,10.9
211,418,30.6
211,433,30.1
211,446,22.6
212,218,42.2
212,245,11.7
212,255,23.5
212,262,27.0
212,267,22.7
212,277,22.2
212,279,24.4
212,289,24.9
212,323,37.9
212,325,30.3
212,331,22.8
212,340,38.0
212,353,41.6
212,358,33.5
212,401,27.3
212,402,21.4
212,409,24.5
212,420,18.1
212,452,19.3
212,462,25.9
212,479,20.9
212,482,33.9
212,485,36.0
212,499,27.6
214,317,20.1
214,476,31.3
214,477,36.3
217,399,20.3
218,245,18.1
218,255,19.8
218,262,18.0
218,267,24.5
218,277,18.8
218,279,44.6
218,289,25.4
218,323,53.1
218,325,34.0
218,331,29.4
218,340,38.0
218,353,28.2
218,358,35.0
218,368,10.2
218,401,16.9
218,402,46.4
218,409,29.3
218,420,50.9
218,452,21.8
218,462,20.1
218,467,17.0
218,479,25.3
218,482,18.7
218,485,22.5
218,499,22.4
220,250,12.9
220,270,13.8
220,396,10.7
221,313,24.9
221,481,14.8
222,237,24.8
222,301,31.0
222,302,15.4
222,319,10.1
222,330,17.2
222,339,11.6
222,352,23.3
222,365,28.6
222,380,23.0
222,404,12.6
222,406,13.9
222,413,27.1
222,423,21.7
222,438,23.1
222,441,10.3
222,449,36.3
222,460,11.5
223,339,62.0
223,472,12.4
224,270,25.2
224,425,40.9
225,314,11.9
225,343,15.4
226,244,24.4
226,263,45.8
226,269,46.6
226,357,40.1
226,381,32.2
226,426,14.6
226,428,60.9
226,431,43.7
226,439,42.9
226,453,47.3
226,465,10.4
226,486,45.5
227,258,27.9
227,266,19.1
227,286,20.6
227,291,15.8
227,293,23.1
227,305,17.2
227,318,21.7
227,359,11.9
227,417,23.2
227,423,20.7
227,430,23.8
227,480,23.3
227,483,39.3
228,438,12.6
229,235,14.8
229,241,23.2
229,260,10.8
229,282,12.7
229,342,21.0
229,395,11.9
229,442,32.3
230,237,28.4
230,269,12.8
230,301,10.5
230,302,10.5
230,330,12.3
230,350,16.3
230,352,14.6
230,357,14.8
230,365,28.6
230,380,17.4
230,381,17.1
230,413,20.0
230,426,11.9
230,431,13.3
230,449,30.3
230,486,13.5
231,242,48.1
231,268,14.2
231,272,19.7
231,298,11.2
231,344,11.7
231,347,15.0
231,362,13.6
231,418,17.4
231,433,11.3
231,446,11.3
233,408,10.7
234,264,20.1
234,300,12.3
234,361,27.9
234,385,25.8
234,387,27.9
234,388,18.1
234,421,33.1
234,475,11.4
234,487,35.4
235,260,25.4
235,282,17.2
235,372,12.3
235,395,17.0
235,403,10.1
236,246,13.8
236,259,10.2
236,429,10.5
237,301,27.8
237,302,17.7
237,319,10.4
237,330,14.7
237,339,13.9
237,352,29.6
237,365,36.4
237,380,27.6
237,381,10.9
237,413,29.4
237,438,15.9
237,449,52.3
238,296,19.2
238,328,31.4
238,367,39.3
239,406,10.7
239,437,14.4
239,460,13.2
242,268,10.1
242,272,11.6
242,344,10.3
242,347,17.4
242,362,11.1
242,418,19.1
242,433,11.8
243,273,27.8
243,278,30.0
243,287,37.4
243,308,10.8
243,316,17.2
243,320,12.5
243,324,35.4
243,400,38.1
243,450,45.0
243,465,18.8
243,496,25.4
244,263,32.9
244,269,28.9
244,357,28.7
244,381,22.2
244,426,19.3
244,428,43.8
244,431,30.1
244,439,32.6
244,453,36.8
244,486,27.5
245,255,17.0
245,331,10.1
245,409,11.9
246,259,43.2
246,299,19.4
246,429,47.6
246,454,44.9
247,316,14.0
247,481,16.8
248,371,46.4
250,296,10.6
250,397,22.1
250,412,11.3
250,498,22.4
251,268,13.3
251,272,13.5
251,298,16.0
251,344,11.3
251,418,16.2
251,433,13.4
251,446,18.5
252,383,41.4
254,308,11.1
255,262,31.2
255,267,36.1
255,277,21.3
255,279,15.6
255,289,34.5
255,323,30.6
255,325,34.9
255,331,16.2
255,340,20.8
255,353,23.5
255,358,23.7
255,401,32.1
255,402,15.4
255,409,21.2
255,420,13.7
255,452,16.3
255,462,31.9
255,467,14.8
255,479,13.5
255,482,28.8
255,485,37.1
255,499,30.2
258,266,18.1
258,286,25.7
258,293,35.8
258,359,11.5
258,417,13.4
258,423,47.4
258,430,21.7
258,480,16.8
258,483,14.8
259,299,10.8
259,429,49.1
259,454,57.0
261,293,14.2
262,267,61.4
262,277,51.6
262,289,59.1
262,331,11.1
262,340,22.8
262,353,31.4
262,358,35.4
262,401,47.5
262,452,19.6
262,462,58.0
262,482,49.8
262,485,45.5
262,499,62.6
263,269,27.0
263,357,19.6
263,381,31.3
263,428,13.3
263,431,26.0
263,439,26.6
263,453,11.9
264,361,27.9
264,385,17.8
264,388,27.1
264,421,16.4
265,461,12.0
266,286,25.2
266,291,15.0
266,293,25.1
266,359,10.3
266,417,10.2
266,423,17.1
266,430,25.2
266,480,14.1
267,277,49.8
267,279,10.2
267,289,52.4
267,323,14.8
267,325,23.2
267,331,12.6
267,340,22.8
267,353,57.6
267,358,24.9
267,401,62.4
267,409,18.8
267,452,15.8
267,462,62.6
267,482,65.4
267,485,72.5
267,499,52.3
268,272,19.5
268,298,19.3
268,344,17.7
268,347,10.9
268,362,17.3
268,370,15.6
268,377,13.6
268,416,12.5
268,418,19.8
268,433,15.9
268,446,18.9
269,357,25.6
269,381,34.5
269,428,53.1
269,431,31.0
269,439,32.0
269,453,32.7
269,486,31.2
270,304,10.8
270,364,11.6
270,425,14.6
272,298,21.3
272,344,22.3
272,347,14.1
272,362,25.4
272,370,24.0
272,377,18.7
272,418,25.0
272,433,25.9
272,446,18.0
272,463,10.1
273,278,42.0
273,287,30.1
273,308,12.0
273,316,15.8
273,320,16.7
273,324,34.0
273,400,35.9
273,450,49.7
273,465,18.7
273,496,37.7
275,398,10.2
276,339,10.0
276,354,31.3
276,470,10.2
276,488,20.0
277,279,18.9
277,289,35.1
277,323,13.0
277,325,20.3
277,331,22.2
277,340,23.8
277,353,46.7
277,358,26.0
277,401,54.0
277,402,11.3
277,409,14.3
277,420,11.0
277,452,27.5
277,462,55.7
277,467,15.9
277,479,12.9
277,482,53.3
277,485,66.9
277,499,46.0
278,287,26.3
278,308,14.1
278,316,14.7
278,320,13.4
278,324,29.6
278,400,33.4
278,450,49.0
278,465,16.4
278,496,30.1
279,289,12.4
279,323,24.6
279,325,14.7
279,331,30.9
279,340,14.1
279,358,17.2
279,402,36.6
279,409,12.5
279,420,31.0
279,452,22.4
279,467,11.3
279,479,16.3
280,379,23.7
280,458,29.4
281,473,19.7
282,292,10.7
282,389,10.3
282,396,16.9
282,424,11.8
283,308,13.8
283,445,13.3
286,291,16.0
286,293,33.5
286,305,12.3
286,359,23.8
286,417,17.0
286,423,29.5
286,430,24.8
286,480,27.6
286,483,15.6
287,308,10.2
287,324,18.8
287,400,23.0
287,450,13.0
287,465,10.9
289,323,21.4
289,325,28.7
289,331,14.0
289,340,31.1
289,353,54.1
289,358,30.7
289,401,61.2
289,402,11.3
289,409,21.2
289,420,11.5
289,452,18.5
289,462,58.7
289,479,13.7
289,482,62.6
289,485,70.2
289,499,51.1
290,472,10.8
291,293,20.2
291,417,10.0
291,430,21.0
292,424,11.0
292,437,10.6
293,305,13.4
293,359,25.0
293,417,19.9
293,423,28.9
293,430,25.7
293,480,25.2
293,483,17.0
294,336,15.1
294,396,28.5
296,328,13.5
296,367,11.5
296,412,10.6
297,374,19.7
297,448,18.3
298,344,27.0
298,347,15.9
298,362,18.6
298,366,10.9
298,370,40.7
298,377,16.2
298,416,14.6
298,418,17.5
298,433,17.9
298,446,18.2
300,325,36.1
300,409,17.3
300,421,28.4
301,302,16.7
301,319,16.8
301,330,18.3
301,352,21.3
301,365,29.0
301,380,25.0
301,404,12.8
301,413,29.6
301,422,13.5
301,438,21.0
301,449,36.1
301,460,11.2
302,319,13.8
302,352,13.8
302,365,13.8
302,380,16.6
302,438,12.1
302,449,11.7
303,373,63.8
303,484,13.4
304,457,11.6
305,430,12.9
307,320,12.7
307,471,26.3
308,320,10.6
308,324,11.4
308,400,11.2
308,450,13.7
308,465,11.4
308,496,12.7
312,321,47.2
312,329,49.1
313,497,41.6
315,372,13.2
318,483,10.8
319,330,12.3
319,352,11.8
319,380,15.8
319,395,10.6
319,404,23.3
319,422,17.5
319,438,12.8
320,465,10.6
320,471,11.0
321,329,43.5
323,325,15.3
323,331,18.8
323,340,20.7
323,358,31.3
323,402,33.1
323,409,15.5
323,420,29.2
323,452,14.7
323,499,13.4
324,400,22.4
324,450,26.2
324,465,13.6
324,496,15.3
325,331,17.5
325,340,15.7
325,358,18.5
325,402,13.0
325,409,12.2
325,421,15.2
325,452,11.5
325,499,18.1
328,367,40.4
330,339,12.1
330,352,12.5
330,365,18.8
330,380,15.4
330,413,12.9
330,449,21.1
331,340,14.3
331,353,11.8
331,358,17.4
331,401,11.3
331,402,19.9
331,409,11.3
331,420,17.4
331,452,23.6
331,462,11.6
331,467,14.5
331,479,15.4
331,485,18.5
331,499,12.2
332,351,21.3
332,392,42.6
332,407,41.0
332,411,60.9
332,447,37.0
339,352,12.7
339,354,18.8
339,365,14.8
339,380,17.9
339,413,11.4
339,438,12.7
339,449,17.5
339,468,26.8
339,470,22.0
339,472,20.9
339,490,17.5
340,353,38.4
340,358,33.1
340,401,25.1
340,402,10.9
340,409,16.4
340,452,15.8
340,462,22.6
340,479,12.5
340,482,27.2
340,485,23.6
340,499,24.9
344,347,13.6
344,362,22.5
344,370,20.4
344,377,16.6
344,416,11.0
344,418,18.5
344,433,19.0
344,446,20.2
347,362,11.3
347,370,11.1
347,418,11.3
347,433,10.8
347,446,12.8
349,360,18.4
349,414,24.9
349,472,12.1
350,389,18.8
350,424,14.6
351,392,19.0
351,407,21.3
351,411,11.5
351,447,13.6
352,365,23.0
352,380,25.7
352,406,13.1
352,413,20.3
352,422,14.7
352,438,26.5
352,449,34.8
353,358,34.1
353,401,38.8
353,452,16.1
353,462,59.2
353,482,15.3
353,485,12.4
353,499,65.9
354,470,19.7
354,472,13.2
356,456,28.4
357,381,36.6
357,426,11.2
357,428,23.2
357,431,25.1
357,439,24.3
357,453,20.7
357,486,34.3
358,401,35.6
358,402,17.9
358,409,17.3
358,420,17.9
358,452,25.7
358,462,28.5
358,479,19.2
358,482,39.3
358,485,28.7
358,499,27.8
359,417,15.5
359,430,17.9
360,414,17.6
360,472,15.7
361,385,20.4
361,387,13.4
361,388,20.2
361,421,17.8
361,475,11.1
361,487,18.1
362,370,16.6
362,377,13.2
362,418,21.6
362,433,17.7
362,446,21.2
364,389,10.2
365,380,22.1
365,381,14.3
365,413,33.4
365,449,61.4
366,416,13.1
370,377,13.6
370,418,17.7
370,433,21.3
370,446,21.7
373,470,17.1
373,484,28.7
374,448,14.7
377,418,13.8
377,433,18.8
377,446,17.8
378,391,60.6
378,477,12.4
379,458,15.6
380,381,16.0
380,404,11.0
380,406,10.7
380,413,18.6
380,422,14.5
380,438,26.0
380,449,28.2
381,413,10.2
381,426,15.5
381,428,37.8
381,431,31.8
381,439,33.5
381,449,11.3
381,453,30.0
381,486,32.4
385,387,13.8
385,388,32.4
385,421,17.2
385,487,14.5
387,388,12.3
387,421,23.6
387,475,12.0
387,487,31.9
388,421,12.8
388,475,11.7
388,487,13.8
389,404,13.3
389,424,12.5
391,477,22.2
392,407,35.9
392,411,44.8
392,447,33.5
395,404,18.9
398,406,12.7
398,437,17.2
398,441,13.2
398,457,13.2
398,460,14.7
400,450,32.2
400,465,12.6
400,496,19.9
401,452,17.2
401,462,60.4
401,482,52.9
401,485,48.9
401,499,67.3
402,409,12.8
402,420,48.2
402,452,15.0
402,479,16.8
404,419,11.2
404,422,23.9
404,438,13.9
406,438,14.3
406,441,10.3
407,411,32.2
407,447,16.4
409,420,12.2
409,452,10.1
409,499,14.3
411,447,32.2
412,457,10.9
413,449,33.8
414,472,13.2
417,423,13.3
417,430,14.4
417,480,11.5
417,483,12.6
418,433,18.6
418,446,17.9
419,422,10.3
420,452,11.9
420,479,11.8
421,487,26.0
422,438,14.3
423,430,16.5
423,480,19.2
424,437,10.2
428,431,37.5
428,439,39.8
428,453,13.6
428,486,12.0
429,454,43.3
430,480,16.0
430,483,14.8
431,439,25.3
431,453,26.4
431,486,33.7
432,464,20.7
432,491,14.8
433,446,23.1
435,472,13.3
436,495,16.5
438,449,11.0
439,453,30.0
439,486,24.2
441,460,12.5
450,465,16.5
450,496,16.2
452,462,18.0
452,467,10.2
452,479,16.9
452,482,15.2
452,485,17.4
452,499,18.0
455,463,18.5
462,482,68.9
462,485,81.5
462,499,66.1
464,491,17.5
465,496,13.2
468,472,12.6
468,490,11.0
470,472,19.8
470,484,10.9
475,487,10.5
482,485,16.3
482,499,66.9
485,499,82.6
