ID_streamer,ID_game,minutes
80,351,165
335,351,45
421,351,120
471,351,480
517,351,30
524,351,60
741,351,120
1020,351,60
1083,351,30
1264,351,120
1387,351,180
1388,351,45
1413,351,180
1423,351,75
1469,351,255
1471,351,120
1473,351,90
1620,351,240
1886,351,30
2043,351,105
2454,351,60
2589,351,30
2643,351,90
2743,351,75
2926,351,90
2959,351,120
0,1004,45
1,1004,90
4,1004,645
5,1004,840
7,1004,810
9,1004,6075
15,1004,45
16,1004,1305
18,1004,8640
25,1004,1605
40,1004,3510
44,1004,30
60,1004,480
80,1004,390
92,1004,90
94,1004,465
103,1004,135
105,1004,5820
107,1004,1965
108,1004,435
110,1004,1440
115,1004,3825
120,1004,120
125,1004,225
128,1004,675
130,1004,150
135,1004,2490
145,1004,75
151,1004,960
155,1004,120
160,1004,195
167,1004,2340
176,1004,30
188,1004,300
199,1004,330
201,1004,105
209,1004,1635
212,1004,45
243,1004,4320
247,1004,135
255,1004,165
267,1004,45
270,1004,165
272,1004,315
273,1004,3375
275,1004,60
278,1004,975
281,1004,135
283,1004,495
287,1004,255
289,1004,75
305,1004,180
307,1004,2955
314,1004,90
316,1004,2130
320,1004,630
324,1004,735
343,1004,45
388,1004,735
398,1004,105
400,1004,1050
404,1004,135
420,1004,45
425,1004,375
430,1004,135
436,1004,375
445,1004,2850
450,1004,510
452,1004,90
456,1004,780
462,1004,120
463,1004,60
465,1004,495
469,1004,795
471,1004,2400
478,1004,3060
495,1004,420
496,1004,930
499,1004,540
506,1004,615
513,1004,600
517,1004,345
531,1004,1170
533,1004,120
539,1004,150
543,1004,60
558,1004,150
564,1004,180
574,1004,1215
581,1004,270
592,1004,2280
593,1004,450
595,1004,1110
598,1004,30
600,1004,1530
602,1004,1335
631,1004,1275
652,1004,90
653,1004,975
658,1004,345
672,1004,4380
673,1004,3630
675,1004,540
683,1004,75
691,1004,1440
706,1004,135
734,1004,975
735,1004,165
755,1004,735
756,1004,1215
762,1004,225
768,1004,1845
776,1004,360
785,1004,45
797,1004,2025
812,1004,60
817,1004,105
827,1004,285
833,1004,60
836,1004,105
862,1004,240
864,1004,45
876,1004,210
877,1004,75
878,1004,960
883,1004,480
885,1004,2685
886,1004,30
889,1004,120
892,1004,1935
906,1004,90
909,1004,2265
911,1004,495
919,1004,1725
921,1004,3825
937,1004,255
941,1004,675
958,1004,135
962,1004,2430
968,1004,30
984,1004,330
986,1004,1680
989,1004,180
991,1004,1365
1001,1004,2160
1008,1004,30
1013,1004,90
1024,1004,45
1034,1004,150
1065,1004,4440
1083,1004,60
1103,1004,885
1111,1004,120
1119,1004,615
1125,1004,1440
1136,1004,540
1143,1004,1575
1145,1004,255
1154,1004,45
1172,1004,720
1208,1004,1410
1209,1004,300
1218,1004,1140
1224,1004,3360
1235,1004,300
1248,1004,30
1262,1004,345
1264,1004,3855
1273,1004,120
1277,1004,60
1283,1004,105
1287,1004,4560
1298,1004,285
1307,1004,1050
1308,1004,720
1313,1004,270
1317,1004,915
1319,1004,4995
1325,1004,945
1329,1004,30
1333,1004,555
1339,1004,1620
1351,1004,180
1371,1004,60
1373,1004,2250
1385,1004,165
1387,1004,615
1391,1004,915
1399,1004,780
1415,1004,1815
1426,1004,120
1436,1004,75
1451,1004,1470
1455,1004,45
1459,1004,30
1460,1004,1650
1463,1004,180
1468,1004,810
1469,1004,4470
1472,1004,1170
1484,1004,105
1492,1004,90
1501,1004,375
1516,1004,165
1517,1004,540
1521,1004,150
1523,1004,60
1525,1004,1185
1527,1004,300
1528,1004,60
1536,1004,120
1553,1004,7470
1554,1004,1950
1587,1004,3915
1590,1004,2040
1595,1004,90
1598,1004,75
1601,1004,675
1604,1004,720
1613,1004,2205
1616,1004,2295
1619,1004,1845
1620,1004,165
1623,1004,3090
1624,1004,75
1626,1004,3255
1633,1004,3810
1637,1004,255
1651,1004,270
1678,1004,4410
1686,1004,1125
1696,1004,795
1705,1004,195
1725,1004,150
1736,1004,465
1769,1004,195
1777,1004,1695
1779,1004,150
1782,1004,285
1784,1004,180
1788,1004,375
1794,1004,720
1801,1004,90
1813,1004,90
1820,1004,120
1824,1004,75
1829,1004,180
1840,1004,1500
1844,1004,450
1846,1004,60
1848,1004,1080
1853,1004,45
1866,1004,105
1880,1004,120
1887,1004,1335
1895,1004,945
1896,1004,210
1903,1004,405
1906,1004,495
1907,1004,1155
1913,1004,135
1915,1004,300
1925,1004,135
1941,1004,1155
1951,1004,1065
1952,1004,1035
1955,1004,705
1959,1004,825
1966,1004,2970
1983,1004,2670
1985,1004,135
1992,1004,45
1993,1004,405
1999,1004,195
2000,1004,120
2005,1004,1860
2022,1004,390
2027,1004,60
2028,1004,210
2029,1004,825
2035,1004,1965
2050,1004,1215
2056,1004,1785
2059,1004,525
2062,1004,135
2063,1004,4395
2067,1004,750
2080,1004,2340
2085,1004,1455
2086,1004,915
2097,1004,60
2116,1004,180
2137,1004,135
2140,1004,60
2144,1004,180
2154,1004,255
2160,1004,285
2172,1004,60
2173,1004,75
2181,1004,1335
2190,1004,1170
2200,1004,585
2221,1004,2310
2241,1004,1770
2247,1004,285
2269,1004,60
2270,1004,690
2274,1004,135
2284,1004,525
2292,1004,5580
2298,1004,1155
2302,1004,105
2307,1004,270
2309,1004,300
2315,1004,75
2318,1004,405
2329,1004,135
2330,1004,225
2334,1004,1200
2335,1004,45
2337,1004,90
2338,1004,150
2343,1004,1170
2344,1004,2295
2366,1004,120
2367,1004,600
2369,1004,75
2373,1004,375
2374,1004,825
2376,1004,375
2378,1004,45
2390,1004,3120
2400,1004,120
2407,1004,285
2414,1004,195
2415,1004,75
2419,1004,1500
2430,1004,225
2431,1004,120
2433,1004,345
2459,1004,195
2462,1004,750
2474,1004,510
2491,1004,1410
2495,1004,1005
2497,1004,3405
2510,1004,1845
2516,1004,6060
2517,1004,1620
2524,1004,600
2525,1004,585
2530,1004,4200
2531,1004,180
2535,1004,855
2538,1004,30
2540,1004,495
2542,1004,1785
2561,1004,3705
2563,1004,915
2574,1004,45
2578,1004,690
2581,1004,120
2590,1004,1005
2593,1004,210
2595,1004,180
2599,1004,135
2606,1004,870
2609,1004,1875
2624,1004,435
2633,1004,1125
2637,1004,90
2654,1004,105
2657,1004,45
2660,1004,135
2677,1004,75
2678,1004,60
2687,1004,225
2690,1004,30
2713,1004,1020
2737,1004,195
2756,1004,990
2758,1004,150
2765,1004,60
2767,1004,90
2770,1004,45
2799,1004,45
2803,1004,75
2805,1004,375
2807,1004,90
2810,1004,435
2817,1004,75
2818,1004,960
2820,1004,705
2827,1004,165
2833,1004,420
2838,1004,105
2849,1004,3720
2850,1004,90
2861,1004,105
2880,1004,165
2897,1004,1440
2916,1004,195
2926,1004,90
2930,1004,1335
2939,1004,75
2944,1004,105
2954,1004,210
2955,1004,45
2957,1004,270
2968,1004,75
2976,1004,30
0,567,30
88,567,90
481,567,90
557,567,75
688,567,420
717,567,75
726,567,75
839,567,255
878,567,60
965,567,60
976,567,105
980,567,30
1024,567,60
1069,567,150
1156,567,90
1230,567,90
1397,567,75
1423,567,60
1471,567,75
1639,567,90
1644,567,165
1697,567,825
1736,567,90
1820,567,120
1853,567,30
1907,567,90
2034,567,90
2043,567,180
2059,567,150
2126,567,30
2182,567,90
2201,567,30
2213,567,60
2222,567,420
2223,567,60
2260,567,45
2269,567,90
2338,567,30
2353,567,105
2467,567,165
2542,567,120
2589,567,60
2673,567,165
2707,567,30
2739,567,60
2748,567,135
2772,567,255
2861,567,105
2909,567,90
2926,567,450
2960,567,120
2963,567,255
0,642,45
1,642,165
5,642,225
7,642,795
19,642,150
33,642,3405
44,642,615
48,642,315
60,642,2790
74,642,2715
80,642,165
99,642,4455
108,642,870
117,642,6825
124,642,75
125,642,4095
129,642,5505
133,642,150
151,642,120
188,642,5970
209,642,4815
212,642,1035
218,642,8235
245,642,2385
255,642,690
262,642,300
267,642,2220
277,642,4470
279,642,1995
289,642,4215
300,642,3795
323,642,525
331,642,1125
333,642,1905
338,642,390
340,642,3345
358,642,4980
368,642,855
386,642,195
401,642,465
402,642,3030
409,642,150
420,642,5070
431,642,30
452,642,2010
462,642,1425
467,642,1905
479,642,3045
482,642,180
485,642,75
495,642,1215
499,642,1650
506,642,3090
513,642,1470
533,642,2400
581,642,2610
593,642,1995
597,642,210
598,642,315
652,642,1320
666,642,435
709,642,225
729,642,4965
741,642,915
748,642,2025
754,642,6075
776,642,45
808,642,3615
823,642,1230
830,642,135
836,642,4575
844,642,2385
862,642,2145
864,642,960
886,642,2085
889,642,3180
895,642,2220
899,642,1395
901,642,1155
908,642,705
909,642,330
911,642,1650
916,642,330
922,642,480
929,642,375
945,642,270
959,642,150
961,642,1065
966,642,945
975,642,1155
979,642,3465
983,642,315
984,642,720
986,642,1605
988,642,4350
991,642,1095
996,642,525
1003,642,3765
1009,642,1560
1013,642,2160
1027,642,105
1038,642,210
1071,642,765
1110,642,1305
1111,642,1860
1116,642,225
1119,642,180
1124,642,450
1130,642,390
1150,642,210
1154,642,2415
1180,642,135
1190,642,330
1209,642,2220
1210,642,30
1238,642,5160
1241,642,195
1243,642,1845
1251,642,2955
1264,642,150
1290,642,555
1330,642,1020
1333,642,45
1357,642,300
1373,642,1320
1379,642,285
1387,642,1230
1408,642,375
1431,642,855
1436,642,1365
1438,642,3870
1448,642,105
1455,642,660
1470,642,495
1587,642,1695
1589,642,1470
1605,642,2580
1620,642,195
1624,642,930
1628,642,90
1635,642,120
1637,642,855
1707,642,690
1736,642,510
1738,642,255
1763,642,480
1767,642,825
1778,642,855
1806,642,195
1810,642,6210
1832,642,465
1865,642,4860
1873,642,705
1880,642,1665
1893,642,1935
1910,642,870
1925,642,315
1933,642,120
1935,642,375
1954,642,1290
2003,642,300
2022,642,1020
2055,642,240
2087,642,1200
2100,642,885
2113,642,75
2120,642,165
2122,642,360
2144,642,780
2161,642,2895
2172,642,45
2173,642,255
2182,642,1350
2212,642,165
2221,642,120
2269,642,315
2270,642,345
2271,642,630
2295,642,270
2298,642,75
2314,642,135
2324,642,795
2365,642,195
2370,642,150
2375,642,90
2376,642,1800
2385,642,870
2433,642,900
2440,642,1155
2470,642,1740
2488,642,135
2525,642,750
2532,642,435
2558,642,75
2621,642,60
2643,642,330
2646,642,60
2648,642,540
2668,642,300
2671,642,2685
2695,642,855
2701,642,210
2703,642,90
2715,642,3600
2718,642,195
2736,642,150
2743,642,4950
2752,642,225
2765,642,1890
2843,642,210
2852,642,3315
2886,642,345
2931,642,30
2932,642,900
2933,642,1155
2943,642,105
2953,642,6480
2959,642,1305
0,293,300
1,293,780
3,293,975
4,293,1020
5,293,300
6,293,1530
7,293,2595
8,293,1350
9,293,180
10,293,135
11,293,1995
12,293,1500
15,293,1875
16,293,945
17,293,360
19,293,1770
20,293,1170
22,293,45
30,293,120
31,293,405
32,293,105
34,293,405
35,293,435
37,293,360
39,293,60
40,293,630
41,293,75
44,293,1395
45,293,240
46,293,2955
49,293,120
50,293,1200
53,293,3570
55,293,420
56,293,2835
57,293,1365
59,293,915
60,293,135
61,293,2640
62,293,1995
63,293,60
65,293,60
66,293,105
67,293,405
68,293,1890
69,293,1470
70,293,45
75,293,60
76,293,2790
77,293,435
78,293,1620
79,293,3075
80,293,4005
81,293,2340
82,293,285
83,293,60
88,293,120
89,293,150
91,293,135
92,293,60
93,293,120
94,293,1260
95,293,180
96,293,645
100,293,1650
101,293,480
103,293,285
105,293,375
108,293,270
109,293,90
110,293,570
111,293,165
114,293,510
115,293,120
122,293,75
124,293,225
125,293,480
127,293,420
128,293,1800
129,293,375
130,293,435
131,293,990
132,293,1260
133,293,1575
134,293,195
135,293,6720
136,293,945
137,293,660
138,293,30
139,293,60
140,293,1380
141,293,420
142,293,4980
143,293,45
145,293,135
147,293,495
149,293,90
150,293,765
151,293,420
152,293,270
154,293,975
155,293,885
156,293,585
159,293,180
160,293,1935
161,293,165
163,293,210
164,293,90
166,293,435
167,293,285
168,293,2130
169,293,45
170,293,3045
171,293,3345
177,293,330
179,293,210
183,293,750
188,293,135
190,293,195
191,293,105
193,293,345
195,293,630
196,293,585
198,293,450
205,293,2520
206,293,1065
208,293,360
212,293,300
213,293,45
215,293,90
219,293,360
221,293,90
222,293,5520
224,293,1155
226,293,120
229,293,1515
230,293,795
232,293,165
235,293,2040
236,293,540
237,293,960
239,293,1875
241,293,585
245,293,315
246,293,390
247,293,990
250,293,525
254,293,405
255,293,1590
257,293,780
260,293,1215
265,293,300
267,293,390
271,293,525
272,293,90
273,293,165
274,293,465
275,293,630
278,293,120
282,293,1605
283,293,390
284,293,1410
288,293,75
289,293,90
290,293,465
291,293,195
292,293,1770
293,293,105
298,293,315
299,293,240
300,293,450
301,293,3300
302,293,480
305,293,30
306,293,660
307,293,1335
308,293,135
310,293,135
315,293,2175
317,293,60
319,293,510
323,293,525
325,293,360
327,293,615
330,293,2100
333,293,240
335,293,270
337,293,330
339,293,2895
341,293,255
342,293,1035
343,293,180
344,293,30
345,293,240
346,293,750
348,293,510
350,293,300
352,293,1665
353,293,60
355,293,2895
357,293,135
359,293,60
361,293,45
364,293,75
365,293,1755
366,293,975
368,293,270
369,293,2010
372,293,480
375,293,330
376,293,210
377,293,60
380,293,1425
381,293,120
382,293,300
383,293,105
386,293,900
389,293,1695
390,293,45
393,293,1560
395,293,1335
396,293,660
397,293,555
398,293,2220
402,293,780
403,293,975
404,293,2505
406,293,840
409,293,360
410,293,165
412,293,855
413,293,975
415,293,1410
416,293,735
417,293,660
419,293,795
420,293,180
422,293,1770
424,293,3285
427,293,855
429,293,45
431,293,45
432,293,150
434,293,600
437,293,285
438,293,2370
441,293,4965
442,293,660
443,293,105
444,293,225
445,293,90
449,293,2850
452,293,120
456,293,315
457,293,705
459,293,375
460,293,390
462,293,210
464,293,240
466,293,150
469,293,75
471,293,1140
477,293,150
487,293,135
489,293,135
491,293,225
494,293,960
495,293,165
499,293,1350
500,293,150
502,293,1500
503,293,180
504,293,1815
505,293,915
506,293,2445
507,293,1485
509,293,210
511,293,135
512,293,150
513,293,105
514,293,1110
515,293,90
516,293,840
517,293,180
518,293,300
523,293,495
524,293,1965
525,293,45
526,293,60
529,293,675
530,293,3135
533,293,225
534,293,405
537,293,105
538,293,2760
539,293,1245
541,293,960
544,293,570
545,293,4680
547,293,795
553,293,1230
557,293,240
559,293,1350
560,293,1155
561,293,4260
562,293,60
563,293,525
565,293,45
566,293,600
568,293,210
571,293,75
574,293,135
577,293,105
578,293,300
580,293,1485
584,293,60
587,293,525
593,293,210
598,293,405
601,293,90
602,293,120
603,293,765
607,293,270
609,293,315
610,293,945
612,293,255
613,293,630
614,293,465
615,293,1155
616,293,300
617,293,75
618,293,1080
619,293,495
621,293,105
622,293,180
626,293,105
628,293,645
629,293,120
633,293,405
634,293,210
638,293,480
639,293,645
640,293,720
641,293,345
646,293,150
651,293,225
654,293,225
659,293,90
661,293,345
665,293,1320
666,293,60
667,293,1020
670,293,45
675,293,135
676,293,60
678,293,1245
681,293,1350
682,293,810
684,293,75
688,293,600
689,293,105
691,293,90
692,293,1140
693,293,915
698,293,135
699,293,360
701,293,1575
703,293,225
706,293,1020
708,293,1230
710,293,1500
714,293,75
716,293,450
717,293,75
718,293,135
719,293,240
720,293,360
723,293,540
726,293,300
729,293,150
735,293,30
736,293,1905
739,293,735
741,293,630
743,293,630
744,293,870
745,293,2805
751,293,330
753,293,30
754,293,135
755,293,1335
759,293,270
760,293,450
762,293,75
765,293,30
767,293,855
772,293,345
774,293,105
778,293,150
781,293,345
783,293,1590
784,293,375
785,293,1080
787,293,1500
789,293,3045
790,293,285
791,293,465
794,293,165
795,293,720
798,293,480
799,293,90
801,293,255
803,293,75
807,293,285
812,293,540
814,293,720
815,293,60
817,293,150
819,293,150
825,293,60
826,293,1080
827,293,75
834,293,660
835,293,405
837,293,30
838,293,750
839,293,1200
841,293,45
843,293,60
850,293,1395
851,293,150
857,293,150
863,293,375
865,293,285
873,293,1965
877,293,45
880,293,345
881,293,570
882,293,1095
883,293,45
884,293,555
889,293,90
892,293,90
893,293,105
898,293,90
900,293,165
902,293,315
903,293,1380
904,293,195
905,293,1650
907,293,75
909,293,315
910,293,30
915,293,1950
919,293,135
920,293,1440
922,293,30
923,293,210
930,293,465
932,293,390
935,293,435
936,293,90
939,293,300
940,293,1530
941,293,75
946,293,270
950,293,2025
952,293,1830
953,293,30
958,293,615
961,293,1350
962,293,495
965,293,390
966,293,120
968,293,60
970,293,135
972,293,525
973,293,60
976,293,120
978,293,450
980,293,435
982,293,105
984,293,105
986,293,90
990,293,1260
991,293,645
994,293,210
997,293,1080
998,293,2100
999,293,2550
1000,293,525
1003,293,120
1004,293,2175
1005,293,90
1007,293,660
1008,293,75
1010,293,120
1013,293,150
1014,293,90
1015,293,315
1019,293,345
1020,293,450
1021,293,420
1022,293,60
1023,293,135
1024,293,1350
1028,293,60
1036,293,150
1039,293,255
1041,293,255
1043,293,690
1044,293,150
1046,293,105
1047,293,300
1048,293,285
1057,293,4860
1060,293,210
1061,293,360
1063,293,615
1066,293,240
1070,293,825
1072,293,60
1073,293,30
1074,293,45
1075,293,1425
1077,293,45
1080,293,645
1083,293,255
1084,293,915
1086,293,1065
1087,293,600
1090,293,495
1091,293,30
1092,293,630
1093,293,630
1096,293,195
1098,293,120
1099,293,555
1104,293,1725
1105,293,645
1107,293,180
1113,293,645
1115,293,75
1118,293,150
1119,293,135
1121,293,45
1124,293,75
1126,293,105
1132,293,3690
1135,293,1095
1138,293,75
1139,293,435
1141,293,630
1142,293,525
1144,293,90
1146,293,8250
1148,293,510
1149,293,1395
1150,293,255
1151,293,600
1152,293,525
1154,293,210
1156,293,660
1157,293,1080
1159,293,105
1160,293,165
1161,293,285
1165,293,270
1167,293,480
1168,293,60
1169,293,240
1172,293,30
1173,293,120
1176,293,75
1177,293,1545
1181,293,75
1182,293,165
1184,293,210
1185,293,570
1186,293,225
1188,293,120
1190,293,60
1191,293,30
1192,293,120
1194,293,240
1197,293,360
1203,293,585
1212,293,285
1216,293,375
1220,293,1725
1221,293,990
1222,293,780
1231,293,45
1232,293,180
1236,293,720
1238,293,570
1240,293,600
1242,293,3810
1247,293,375
1250,293,105
1252,293,570
1253,293,420
1254,293,195
1256,293,210
1258,293,1575
1259,293,105
1262,293,3780
1264,293,90
1271,293,450
1272,293,480
1274,293,135
1275,293,1125
1277,293,270
1278,293,75
1281,293,2790
1283,293,90
1285,293,1065
1287,293,120
1290,293,120
1294,293,30
1297,293,450
1299,293,2595
1300,293,135
1301,293,75
1302,293,180
1304,293,645
1306,293,210
1307,293,225
1315,293,120
1318,293,180
1320,293,1350
1322,293,75
1325,293,375
1326,293,300
1328,293,45
1329,293,30
1332,293,195
1334,293,135
1337,293,30
1338,293,825
1339,293,180
1342,293,435
1344,293,1410
1350,293,870
1351,293,690
1359,293,3975
1361,293,45
1363,293,45
1364,293,45
1372,293,735
1374,293,1245
1376,293,1740
1378,293,390
1382,293,1650
1384,293,1260
1386,293,225
1387,293,1035
1388,293,540
1389,293,90
1391,293,165
1394,293,135
1396,293,45
1397,293,705
1399,293,105
1402,293,45
1404,293,105
1406,293,105
1412,293,225
1413,293,45
1414,293,120
1415,293,165
1417,293,60
1420,293,555
1423,293,435
1426,293,195
1428,293,105
1436,293,30
1440,293,180
1441,293,405
1443,293,30
1445,293,900
1447,293,90
1455,293,210
1458,293,60
1459,293,270
1462,293,90
1463,293,315
1465,293,1215
1467,293,105
1469,293,150
1470,293,465
1471,293,705
1474,293,240
1479,293,270
1483,293,900
1484,293,60
1486,293,330
1488,293,465
1489,293,45
1490,293,240
1492,293,30
1494,293,795
1496,293,435
1498,293,30
1499,293,1125
1506,293,45
1518,293,1170
1522,293,75
1523,293,495
1525,293,45
1528,293,105
1529,293,285
1535,293,345
1536,293,240
1543,293,975
1549,293,480
1551,293,1575
1553,293,1395
1554,293,60
1555,293,330
1559,293,315
1561,293,375
1564,293,705
1566,293,105
1569,293,150
1571,293,75
1572,293,930
1575,293,30
1576,293,210
1582,293,195
1583,293,315
1585,293,105
1589,293,270
1590,293,285
1591,293,60
1594,293,480
1595,293,315
1597,293,345
1598,293,135
1599,293,255
1602,293,240
1604,293,195
1606,293,135
1609,293,90
1610,293,1410
1612,293,240
1619,293,660
1627,293,120
1630,293,345
1632,293,75
1637,293,195
1638,293,1245
1639,293,105
1643,293,120
1644,293,45
1646,293,765
1647,293,270
1648,293,45
1649,293,135
1654,293,495
1659,293,675
1661,293,285
1662,293,330
1666,293,150
1667,293,510
1668,293,105
1671,293,510
1673,293,240
1674,293,240
1676,293,210
1677,293,45
1678,293,240
1680,293,600
1681,293,135
1682,293,135
1687,293,75
1688,293,435
1689,293,105
1692,293,1635
1693,293,420
1695,293,1380
1697,293,1620
1700,293,390
1703,293,75
1704,293,30
1705,293,405
1709,293,270
1712,293,45
1715,293,3585
1717,293,165
1720,293,30
1721,293,1440
1722,293,75
1726,293,315
1727,293,300
1728,293,120
1729,293,600
1730,293,465
1733,293,915
1736,293,165
1738,293,180
1740,293,120
1741,293,690
1742,293,315
1743,293,1380
1748,293,540
1751,293,285
1754,293,30
1757,293,30
1758,293,1020
1759,293,45
1760,293,435
1765,293,210
1766,293,930
1767,293,135
1769,293,60
1770,293,330
1771,293,480
1774,293,360
1775,293,45
1776,293,300
1781,293,840
1787,293,1155
1788,293,90
1792,293,630
1793,293,525
1794,293,75
1795,293,1260
1796,293,150
1797,293,495
1798,293,90
1799,293,90
1801,293,1185
1806,293,195
1810,293,45
1811,293,150
1813,293,60
1814,293,660
1816,293,480
1818,293,345
1819,293,105
1820,293,90
1821,293,585
1822,293,375
1823,293,870
1824,293,285
1826,293,1965
1829,293,1095
1832,293,45
1833,293,135
1834,293,90
1835,293,165
1837,293,480
1838,293,150
1844,293,330
1847,293,45
1851,293,45
1853,293,510
1855,293,1245
1856,293,270
1857,293,75
1858,293,75
1859,293,705
1860,293,90
1862,293,90
1863,293,150
1865,293,45
1867,293,240
1868,293,480
1870,293,1965
1871,293,75
1872,293,1785
1873,293,195
1875,293,105
1879,293,60
1880,293,165
1884,293,60
1886,293,675
1888,293,75
1890,293,915
1895,293,390
1896,293,60
1898,293,75
1901,293,90
1907,293,45
1912,293,45
1915,293,270
1920,293,375
1925,293,330
1926,293,90
1928,293,45
1929,293,315
1930,293,210
1933,293,30
1936,293,225
1937,293,195
1938,293,45
1939,293,165
1943,293,705
1944,293,300
1948,293,795
1950,293,1320
1953,293,240
1959,293,60
1963,293,180
1966,293,45
1967,293,510
1969,293,330
1971,293,30
1975,293,150
1980,293,780
1981,293,210
1982,293,630
1986,293,300
1988,293,105
1996,293,30
1998,293,540
1999,293,435
2000,293,120
2002,293,255
2003,293,975
2004,293,30
2005,293,270
2007,293,30
2008,293,75
2011,293,30
2013,293,375
2014,293,585
2016,293,795
2018,293,525
2020,293,45
2021,293,870
2023,293,90
2025,293,30
2030,293,1245
2031,293,135
2032,293,225
2034,293,1980
2035,293,30
2041,293,270
2042,293,165
2043,293,975
2045,293,780
2047,293,60
2052,293,90
2053,293,105
2055,293,45
2056,293,165
2057,293,435
2059,293,30
2064,293,195
2066,293,135
2068,293,1305
2079,293,120
2083,293,180
2085,293,300
2086,293,45
2088,293,690
2089,293,240
2092,293,345
2093,293,180
2098,293,330
2100,293,150
2101,293,1125
2102,293,210
2104,293,165
2106,293,45
2109,293,2550
2112,293,150
2118,293,30
2119,293,30
2124,293,420
2125,293,90
2129,293,150
2132,293,150
2139,293,810
2140,293,105
2141,293,30
2142,293,165
2143,293,705
2144,293,105
2146,293,555
2148,293,165
2149,293,345
2150,293,60
2151,293,210
2153,293,1410
2154,293,30
2156,293,90
2158,293,165
2159,293,120
2160,293,345
2161,293,195
2162,293,30
2163,293,210
2164,293,90
2166,293,240
2170,293,360
2172,293,270
2173,293,225
2174,293,810
2175,293,75
2176,293,75
2177,293,75
2180,293,285
2183,293,90
2187,293,300
2188,293,480
2189,293,180
2190,293,600
2191,293,30
2194,293,405
2198,293,360
2200,293,240
2201,293,420
2205,293,1020
2206,293,840
2208,293,315
2211,293,225
2216,293,60
2217,293,135
2218,293,360
2219,293,150
2222,293,2430
2223,293,495
2224,293,30
2226,293,135
2228,293,45
2230,293,495
2236,293,135
2238,293,75
2241,293,360
2242,293,5220
2243,293,150
2249,293,765
2250,293,75
2255,293,180
2259,293,75
2260,293,45
2262,293,120
2264,293,105
2265,293,1950
2266,293,255
2268,293,30
2269,293,225
2271,293,375
2273,293,105
2274,293,615
2275,293,450
2279,293,75
2283,293,120
2285,293,360
2286,293,75
2289,293,1485
2293,293,300
2294,293,60
2295,293,60
2296,293,600
2300,293,240
2302,293,300
2310,293,360
2312,293,1530
2316,293,930
2319,293,660
2320,293,225
2321,293,630
2325,293,375
2329,293,615
2330,293,90
2337,293,1560
2338,293,45
2339,293,165
2345,293,30
2348,293,195
2350,293,210
2353,293,285
2356,293,105
2359,293,150
2363,293,45
2364,293,195
2366,293,675
2368,293,45
2369,293,1290
2370,293,90
2371,293,105
2372,293,90
2376,293,75
2377,293,75
2378,293,300
2384,293,690
2385,293,90
2391,293,135
2392,293,285
2394,293,195
2399,293,1620
2402,293,210
2403,293,255
2405,293,30
2408,293,195
2411,293,240
2413,293,60
2421,293,240
2426,293,150
2428,293,225
2429,293,150
2433,293,30
2436,293,735
2437,293,1095
2439,293,585
2440,293,1305
2441,293,45
2442,293,135
2448,293,90
2450,293,30
2451,293,30
2452,293,285
2454,293,750
2456,293,2670
2457,293,615
2461,293,990
2465,293,165
2467,293,285
2471,293,120
2480,293,240
2481,293,315
2484,293,360
2485,293,285
2490,293,465
2491,293,285
2494,293,60
2496,293,225
2497,293,720
2498,293,105
2499,293,105
2500,293,105
2502,293,150
2504,293,540
2509,293,195
2510,293,120
2511,293,60
2512,293,300
2514,293,75
2517,293,180
2518,293,1260
2522,293,270
2524,293,60
2525,293,105
2528,293,345
2529,293,435
2531,293,210
2535,293,975
2538,293,150
2539,293,105
2541,293,45
2544,293,90
2546,293,30
2547,293,135
2552,293,45
2554,293,285
2555,293,150
2557,293,135
2559,293,45
2563,293,330
2567,293,105
2569,293,60
2570,293,165
2571,293,30
2579,293,120
2581,293,105
2582,293,330
2583,293,75
2584,293,75
2585,293,465
2588,293,90
2590,293,1110
2592,293,1080
2594,293,105
2595,293,345
2597,293,120
2602,293,30
2605,293,165
2606,293,105
2607,293,135
2609,293,60
2610,293,75
2612,293,210
2618,293,465
2619,293,1515
2621,293,135
2623,293,150
2625,293,420
2626,293,405
2631,293,240
2632,293,120
2633,293,855
2634,293,225
2636,293,840
2638,293,540
2642,293,150
2643,293,375
2644,293,240
2647,293,240
2650,293,300
2651,293,105
2652,293,120
2653,293,945
2660,293,300
2665,293,360
2671,293,480
2673,293,90
2676,293,30
2677,293,975
2678,293,30
2680,293,165
2681,293,165
2683,293,135
2686,293,105
2688,293,180
2690,293,30
2700,293,105
2704,293,1080
2705,293,375
2706,293,270
2707,293,225
2709,293,150
2711,293,210
2712,293,225
2714,293,195
2715,293,165
2716,293,240
2719,293,495
2720,293,45
2724,293,210
2727,293,45
2728,293,30
2730,293,225
2732,293,135
2733,293,60
2734,293,225
2737,293,120
2739,293,495
2741,293,90
2743,293,450
2757,293,90
2762,293,375
2765,293,225
2766,293,225
2767,293,360
2768,293,570
2772,293,1515
2773,293,30
2777,293,45
2781,293,60
2783,293,375
2784,293,150
2785,293,150
2786,293,60
2787,293,285
2788,293,195
2790,293,180
2791,293,225
2792,293,75
2795,293,135
2800,293,90
2801,293,75
2802,293,60
2803,293,30
2809,293,240
2811,293,255
2815,293,555
2821,293,195
2824,293,135
2825,293,165
2827,293,255
2828,293,120
2829,293,105
2835,293,405
2837,293,105
2841,293,105
2843,293,510
2844,293,45
2845,293,165
2846,293,150
2849,293,3885
2850,293,495
2851,293,180
2853,293,3660
2854,293,75
2856,293,900
2857,293,90
2858,293,510
2859,293,90
2861,293,120
2862,293,345
2864,293,780
2865,293,60
2866,293,120
2867,293,660
2874,293,75
2877,293,90
2879,293,255
2880,293,165
2881,293,30
2882,293,120
2884,293,75
2890,293,1350
2891,293,495
2893,293,180
2895,293,240
2902,293,165
2907,293,45
2913,293,180
2915,293,510
2916,293,180
2923,293,195
2925,293,255
2926,293,165
2928,293,285
2929,293,315
2930,293,135
2931,293,105
2937,293,330
2939,293,120
2941,293,150
2942,293,30
2945,293,60
2946,293,2010
2949,293,75
2952,293,240
2955,293,225
2956,293,375
2957,293,285
2960,293,435
2961,293,885
2963,293,120
2964,293,210
2969,293,165
2970,293,180
2975,293,165
0,543,690
5,543,165
6,543,345
44,543,165
55,543,960
88,543,450
101,543,1545
122,543,1050
131,543,555
176,543,1905
182,543,645
215,543,165
225,543,1380
245,543,135
247,543,915
333,543,540
343,543,465
389,543,180
393,543,735
455,543,855
463,543,1545
471,543,210
489,543,240
557,543,1755
592,543,75
617,543,480
690,543,1695
717,543,2040
761,543,105
785,543,1035
793,543,315
801,543,405
805,543,2145
825,543,30
838,543,1155
877,543,840
900,543,2010
910,543,345
986,543,45
1091,543,495
1117,543,45
1123,543,60
1165,543,120
1194,543,1980
1302,543,195
1318,543,90
1327,543,105
1336,543,1455
1337,543,840
1340,543,360
1341,543,1770
1387,543,150
1393,543,390
1409,543,30
1430,543,3000
1450,543,2265
1475,543,345
1489,543,1110
1497,543,1425
1502,543,390
1527,543,375
1563,543,1785
1579,543,90
1609,543,30
1659,543,1140
1723,543,750
1726,543,2100
1774,543,300
1824,543,45
1831,543,1380
1838,543,135
1858,543,615
1884,543,990
1912,543,165
1958,543,1620
1959,543,120
1996,543,1200
2042,543,75
2054,543,210
2095,543,1605
2106,543,630
2113,543,90
2118,543,1485
2126,543,2550
2153,543,300
2183,543,1875
2201,543,210
2223,543,270
2224,543,75
2230,543,360
2297,543,135
2298,543,180
2302,543,990
2320,543,135
2321,543,60
2330,543,210
2338,543,870
2346,543,2850
2359,543,690
2459,543,2460
2502,543,630
2509,543,1530
2569,543,570
2595,543,255
2657,543,885
2670,543,1905
2678,543,90
2687,543,315
2708,543,795
2735,543,300
2737,543,225
2822,543,315
2846,543,75
2864,543,75
2870,543,165
2914,543,1080
2926,543,1260
2931,543,240
2937,543,405
99,978,165
125,978,150
149,978,60
160,978,75
188,978,525
209,978,45
247,978,90
366,978,105
459,978,480
580,978,120
748,978,60
878,978,45
1020,978,150
1048,978,390
1063,978,105
1089,978,45
1180,978,45
1182,978,105
1420,978,300
1467,978,270
1521,978,90
1549,978,105
1666,978,120
1697,978,105
1767,978,90
1776,978,120
1793,978,75
1907,978,105
1925,978,60
2059,978,105
2061,978,45
2144,978,105
2157,978,180
2160,978,45
2172,978,165
2174,978,210
2175,978,210
2201,978,165
2320,978,120
2377,978,60
2425,978,60
2433,978,165
2491,978,75
2515,978,105
2529,978,195
2544,978,30
2657,978,60
2677,978,30
2718,978,480
2743,978,60
2824,978,180
2850,978,120
2895,978,105
2952,978,120
2963,978,285
682,975,75
1069,975,150
1329,975,120
1502,975,660
1527,975,285
1887,975,30
2113,975,270
2182,975,30
2224,975,135
2457,975,765
2531,975,135
2937,975,1395
1,387,45
21,387,60
44,387,45
58,387,465
62,387,915
85,387,1290
125,387,120
149,387,1785
158,387,2685
169,387,1470
205,387,270
207,387,1860
285,387,930
337,387,1980
405,387,315
416,387,135
508,387,750
573,387,750
602,387,615
644,387,60
782,387,930
789,387,45
940,387,30
946,387,990
987,387,225
1032,387,1410
1282,387,765
1392,387,225
1400,387,180
1533,387,450
1677,387,1365
1684,387,1410
1690,387,690
1694,387,465
1709,387,60
1759,387,315
1911,387,510
2028,387,330
2310,387,180
2371,387,750
2540,387,105
2618,387,135
2626,387,135
2793,387,300
2846,387,45
1,434,30
93,434,2070
200,434,870
554,434,1635
705,434,4275
724,434,1275
766,434,1620
872,434,870
1245,434,1350
1300,434,240
1426,434,105
1469,434,30
1703,434,930
1820,434,75
1940,434,660
1974,434,435
2162,434,270
2330,434,1290
2352,434,150
2366,434,600
2518,434,105
2663,434,360
2849,434,75
1,963,45
5,963,75
49,963,75
1,971,105
5,971,90
18,971,210
105,971,30
128,971,90
195,971,105
307,971,30
308,971,1350
445,971,135
471,971,150
478,971,135
529,971,75
539,971,45
607,971,180
617,971,60
972,971,60
1007,971,195
1020,971,45
1299,971,570
1381,971,2820
1468,971,120
1553,971,360
1572,971,30
1590,971,285
1758,971,90
1807,971,105
2016,971,75
2154,971,60
2165,971,1920
2183,971,30
2190,971,45
2274,971,735
2313,971,105
2373,971,30
2431,971,120
2491,971,570
2500,971,30
2524,971,705
2535,971,1635
2549,971,60
2666,971,1020
2678,971,75
2737,971,60
2743,971,60
2962,971,810
1,367,30
1,45,105
7,45,90
1853,45,30
2020,45,75
2941,45,270
1,440,90
13,420,150
72,420,75
103,420,165
131,420,60
166,420,525
747,420,135
1185,420,75
1270,420,225
1315,420,360
1338,420,105
1486,420,405
1490,420,60
1644,420,120
1743,420,45
1774,420,900
2302,420,120
2357,420,630
2421,420,210
2442,420,90
2546,420,165
2639,420,180
2666,420,45
2762,420,180
2772,420,1290
2815,420,165
2829,420,75
96,1078,30
195,1078,915
363,1078,480
589,1078,1365
613,1078,705
638,1078,585
639,1078,1350
663,1078,2805
806,1078,4140
876,1078,1110
972,1078,90
1002,1078,645
1076,1078,1020
1121,1078,1065
1141,1078,675
1315,1078,750
1326,1078,750
1435,1078,360
1535,1078,1350
1572,1078,105
1576,1078,1020
1590,1078,30
1639,1078,690
1660,1078,1305
1702,1078,810
1748,1078,1200
1757,1078,60
1860,1078,1455
1948,1078,150
1979,1078,135
2041,1078,75
2049,1078,915
2097,1078,600
2117,1078,3180
2160,1078,225
2190,1078,180
2320,1078,360
2361,1078,3645
2410,1078,180
2508,1078,120
2526,1078,30
2580,1078,960
2652,1078,1305
2714,1078,225
2773,1078,390
2803,1078,585
2818,1078,450
2925,1078,1500
2954,1078,180
1,62,255
4,62,105
5,62,240
101,62,75
110,62,195
155,62,195
402,62,75
420,62,405
838,62,30
2004,62,120
2271,62,75
2426,62,60
2765,62,45
2923,62,75
1,276,45
2190,276,75
1,163,90
1,614,75
7,614,75
1,359,120
5,359,135
7,359,75
1,135,135
19,135,135
53,135,195
62,135,195
76,135,120
77,135,150
79,135,105
101,135,150
112,135,195
135,135,195
166,135,165
183,135,60
197,135,45
275,135,195
327,135,60
366,135,195
409,135,180
459,135,150
476,135,135
477,135,120
557,135,165
613,135,120
639,135,75
691,135,105
751,135,105
785,135,135
789,135,105
876,135,255
897,135,90
904,135,300
909,135,90
994,135,210
998,135,165
1048,135,180
1121,135,60
1194,135,150
1224,135,165
1253,135,195
1329,135,135
1342,135,105
1420,135,285
1484,135,165
1527,135,180
1561,135,75
1575,135,180
1620,135,60
1644,135,315
1653,135,180
1659,135,90
1726,135,30
1736,135,225
1774,135,135
1776,135,270
1807,135,165
1867,135,135
1875,135,105
1925,135,210
1984,135,450
2034,135,135
2037,135,90
2041,135,60
2045,135,195
2089,135,75
2201,135,240
2250,135,255
2271,135,30
2345,135,60
2378,135,75
2391,135,180
2650,135,75
2657,135,180
2677,135,45
2712,135,45
2743,135,300
2811,135,135
1,690,45
1,259,390
5,259,1020
7,259,1575
12,259,105
40,259,555
44,259,255
83,259,315
109,259,180
156,259,90
204,259,780
226,259,75
426,259,1290
465,259,705
641,259,345
715,259,2385
1199,259,60
1662,259,615
1909,259,195
1932,259,18120
2270,259,495
2271,259,45
2426,259,75
2552,259,105
2609,259,285
1,905,45
1,624,120
2,624,570
4,624,150
5,624,180
7,624,495
12,624,75
21,624,4125
23,624,420
26,624,360
28,624,360
38,624,495
47,624,2955
62,624,195
90,624,1875
92,624,1995
97,624,420
98,624,585
102,624,180
104,624,810
109,624,60
114,624,165
123,624,2820
139,624,555
143,624,135
146,624,600
152,624,270
157,624,2880
165,624,285
172,624,330
173,624,405
181,624,1245
185,624,120
190,624,660
194,624,375
199,624,30
202,624,1020
227,624,75
233,624,495
240,624,405
253,624,120
255,624,150
276,624,1080
280,624,1185
290,624,225
295,624,315
300,624,120
303,624,45
305,624,150
339,624,405
349,624,1620
354,624,1050
360,624,270
373,624,19110
379,624,480
380,624,180
382,624,180
408,624,120
417,624,60
435,624,675
458,624,390
468,624,330
470,624,330
472,624,2100
484,624,18285
488,624,270
493,624,195
526,624,150
535,624,375
537,624,3255
540,624,1770
542,624,45
550,624,855
555,624,19125
565,624,315
575,624,240
578,624,1380
582,624,120
585,624,30
588,624,105
599,624,495
608,624,225
627,624,300
635,624,135
637,624,240
647,624,1470
656,624,675
674,624,270
686,624,495
702,624,240
741,624,60
773,624,345
775,624,75
786,624,165
810,624,180
828,624,240
845,624,1170
847,624,615
848,624,780
855,624,285
868,624,60
879,624,4245
888,624,225
898,624,1290
914,624,735
917,624,570
930,624,105
938,624,375
944,624,870
949,624,570
957,624,105
962,624,60
967,624,255
992,624,2280
1016,624,660
1095,624,225
1142,624,255
1163,624,120
1164,624,2025
1166,624,2520
1174,624,240
1175,624,345
1189,624,45
1196,624,480
1205,624,90
1214,624,240
1237,624,45
1239,624,75
1244,624,120
1265,624,1635
1278,624,390
1295,624,120
1311,624,180
1324,624,165
1345,624,165
1353,624,120
1361,624,105
1365,624,75
1368,624,330
1432,624,990
1453,624,90
1505,624,90
1525,624,165
1538,624,285
1546,624,150
1547,624,165
1556,624,120
1558,624,1155
1573,624,705
1578,624,45
1600,624,180
1605,624,60
1618,624,510
1641,624,150
1658,624,525
1664,624,60
1705,624,540
1747,624,1290
1750,624,60
1752,624,225
1780,624,1860
1804,624,120
1881,624,225
1889,624,465
1921,624,165
1924,624,240
1965,624,300
1972,624,645
1981,624,150
1982,624,360
2019,624,810
2084,624,135
2171,624,225
2177,624,300
2201,624,120
2217,624,45
2248,624,135
2261,624,360
2263,624,540
2268,624,1695
2271,624,90
2285,624,135
2299,624,330
2336,624,105
2363,624,75
2382,624,105
2458,624,285
2479,624,165
2492,624,300
2493,624,60
2522,624,45
2525,624,240
2528,624,825
2572,624,180
2614,624,210
2617,624,330
2630,624,1425
2676,624,180
2693,624,45
2697,624,195
2726,624,1560
2739,624,120
2776,624,270
2798,624,735
2799,624,105
2800,624,45
2808,624,90
2890,624,45
2912,624,195
2951,624,135
2955,624,120
1,1070,30
3,402,30
51,402,375
125,402,45
189,402,60
256,402,60
339,402,105
394,402,1665
412,402,165
418,402,45
460,402,180
605,402,240
778,402,105
818,402,810
880,402,30
881,402,240
934,402,705
999,402,90
1044,402,795
1048,402,60
1058,402,150
1061,402,60
1063,402,150
1142,402,345
1148,402,180
1162,402,18465
1262,402,360
1524,402,465
1577,402,135
1593,402,435
1612,402,120
1717,402,165
1721,402,90
1730,402,105
1740,402,90
1811,402,165
1898,402,150
1917,402,570
2016,402,405
2019,402,360
2060,402,570
2105,402,120
2107,402,300
2108,402,45
2131,402,285
2229,402,255
2239,402,75
2242,402,330
2251,402,135
2306,402,240
2312,402,60
2364,402,195
2449,402,90
2473,402,105
2482,402,75
2501,402,195
2503,402,240
2519,402,105
2590,402,45
2680,402,120
2700,402,540
2721,402,225
2745,402,105
2811,402,75
2848,402,120
2875,402,270
2891,402,240
2928,402,135
2958,402,345
4,172,60
5,172,285
2416,172,90
4,1110,1380
7,1110,90
21,1110,390
28,1110,135
43,1110,45
48,1110,4650
54,1110,4185
72,1110,345
92,1110,210
98,1110,135
103,1110,165
104,1110,45
109,1110,1125
114,1110,420
122,1110,840
132,1110,225
133,1110,195
139,1110,195
143,1110,4005
145,1110,480
152,1110,4605
181,1110,45
190,1110,60
192,1110,1395
199,1110,1260
214,1110,465
227,1110,9480
232,1110,120
233,1110,90
255,1110,1725
258,1110,2625
266,1110,1155
286,1110,2430
291,1110,1305
293,1110,2505
294,1110,90
305,1110,330
306,1110,75
317,1110,1050
318,1110,1215
339,1110,30
341,1110,390
365,1110,135
384,1110,240
404,1110,90
408,1110,750
417,1110,1170
421,1110,30
423,1110,1545
430,1110,2925
443,1110,135
480,1110,2505
483,1110,1275
501,1110,90
506,1110,240
542,1110,3345
543,1110,1845
556,1110,150
574,1110,540
578,1110,2115
585,1110,1650
636,1110,480
660,1110,75
683,1110,2055
685,1110,2430
702,1110,2595
707,1110,3240
712,1110,2040
717,1110,720
721,1110,150
727,1110,465
731,1110,450
735,1110,3330
741,1110,45
750,1110,855
755,1110,60
796,1110,165
799,1110,105
822,1110,555
832,1110,585
837,1110,690
840,1110,1635
855,1110,345
871,1110,1005
883,1110,930
912,1110,225
940,1110,615
974,1110,45
989,1110,570
995,1110,1575
1008,1110,1035
1050,1110,900
1072,1110,495
1109,1110,1560
1127,1110,600
1129,1110,705
1155,1110,150
1192,1110,1770
1291,1110,945
1293,1110,1020
1294,1110,1230
1316,1110,675
1321,1110,1110
1347,1110,1455
1367,1110,690
1368,1110,1125
1370,1110,735
1371,1110,285
1398,1110,390
1402,1110,255
1449,1110,1530
1513,1110,60
1525,1110,45
1528,1110,840
1530,1110,105
1598,1110,210
1618,1110,480
1691,1110,240
1705,1110,555
1714,1110,45
1716,1110,720
1729,1110,870
1731,1110,210
1749,1110,1005
1754,1110,465
1818,1110,45
1836,1110,1035
1853,1110,135
1888,1110,75
1925,1110,105
1942,1110,270
1955,1110,75
1965,1110,240
1972,1110,390
2011,1110,975
2074,1110,1515
2079,1110,915
2085,1110,165
2114,1110,1320
2154,1110,210
2165,1110,90
2211,1110,1695
2254,1110,1740
2379,1110,60
2444,1110,90
2472,1110,2115
2479,1110,240
2522,1110,285
2549,1110,585
2550,1110,210
2562,1110,720
2637,1110,165
2641,1110,240
2666,1110,150
2674,1110,630
2676,1110,540
2693,1110,2130
2818,1110,930
2832,1110,285
2838,1110,75
2840,1110,555
2841,1110,3570
2900,1110,2865
2942,1110,90
2955,1110,105
2961,1110,585
4,219,90
16,219,60
60,219,555
79,219,105
80,219,60
87,219,315
107,219,45
110,219,105
137,219,90
255,219,105
273,219,60
283,219,60
289,219,495
336,219,990
649,219,150
652,219,60
729,219,90
797,219,105
922,219,165
962,219,60
1048,219,45
1103,219,90
1186,219,105
1187,219,1320
1193,219,255
1238,219,150
1263,219,120
1325,219,210
1352,219,1200
1469,219,135
1595,219,285
1596,219,105
1598,219,60
1662,219,90
1711,219,285
1738,219,90
1767,219,330
1955,219,45
2005,219,495
2140,219,105
2144,219,375
2187,219,30
2196,219,255
2227,219,75
2256,219,150
2309,219,240
2574,219,135
2609,219,450
2810,219,2175
2945,219,1050
2959,219,495
4,332,30
7,332,45
48,332,645
54,332,165
61,332,135
75,332,60
79,332,465
109,332,75
146,332,615
186,332,855
261,332,735
266,332,150
286,332,540
293,332,1890
306,332,330
397,332,75
495,332,120
528,332,2400
535,332,2070
543,332,90
567,332,90
578,332,735
636,332,435
677,332,225
683,332,705
731,332,750
752,332,960
802,332,990
870,332,195
995,332,495
1072,332,2235
1118,332,75
1131,332,840
1140,332,1485
1192,332,45
1246,332,1860
1261,332,120
1291,332,2175
1385,332,4095
1398,332,240
1434,332,405
1449,332,45
1457,332,465
1581,332,120
1598,332,255
1618,332,345
1625,332,930
1657,332,90
1683,332,405
1788,332,90
1789,332,75
1817,332,690
1829,332,915
1836,332,75
1906,332,675
2111,332,270
2151,332,210
2219,332,1320
2254,332,180
2270,332,255
2277,332,1980
2318,332,330
2382,332,90
2554,332,435
2579,332,330
2675,332,375
2676,332,60
2692,332,210
2799,332,2520
2818,332,240
2841,332,210
2954,332,105
2955,332,90
2957,332,1515
5,366,30
101,366,30
1871,366,180
5,834,630
16,834,585
49,834,360
56,834,180
84,834,255
103,834,330
112,834,120
160,834,165
166,834,210
457,834,135
640,834,270
846,834,330
1270,834,615
1867,834,135
2712,834,330
2810,834,405
2823,834,255
6,492,45
14,492,2535
16,492,1920
20,492,120
31,492,3195
49,492,2715
52,492,10275
53,492,240
55,492,1035
56,492,1935
66,492,2805
73,492,1920
80,492,285
83,492,3915
86,492,5070
138,492,3405
155,492,75
160,492,150
180,492,480
195,492,225
197,492,1995
211,492,2775
231,492,555
236,492,495
242,492,60
251,492,1860
268,492,1530
272,492,3975
282,492,180
283,492,60
292,492,300
298,492,1605
344,492,2355
347,492,900
362,492,1935
366,492,135
370,492,1410
375,492,105
377,492,1425
416,492,690
418,492,3945
433,492,2460
446,492,3270
463,492,1140
507,492,405
518,492,525
522,492,435
546,492,435
552,492,90
613,492,120
619,492,285
625,492,2820
632,492,2085
633,492,525
638,492,135
664,492,120
671,492,960
695,492,2805
706,492,75
757,492,135
778,492,60
798,492,135
799,492,255
816,492,3405
826,492,2010
831,492,915
865,492,1515
878,492,30
882,492,1440
893,492,825
894,492,105
904,492,825
909,492,1065
928,492,30
933,492,1500
947,492,2775
951,492,960
971,492,105
980,492,1170
998,492,315
1002,492,1635
1082,492,795
1103,492,90
1137,492,4005
1148,492,285
1182,492,2775
1183,492,2280
1226,492,705
1227,492,1515
1260,492,2415
1263,492,135
1279,492,975
1288,492,195
1310,492,1560
1322,492,30
1349,492,2820
1369,492,5790
1387,492,225
1416,492,615
1423,492,1350
1454,492,165
1490,492,165
1500,492,1470
1504,492,2625
1518,492,210
1536,492,60
1553,492,495
1567,492,330
1572,492,60
1581,492,270
1583,492,1440
1592,492,615
1595,492,30
1617,492,2370
1629,492,45
1645,492,5595
1653,492,1575
1668,492,45
1671,492,1620
1682,492,120
1724,492,150
1739,492,2535
1761,492,735
1774,492,270
1786,492,480
1788,492,255
1821,492,360
1830,492,240
1838,492,3915
1842,492,3075
1866,492,375
1898,492,105
1903,492,240
1922,492,405
1931,492,945
1963,492,60
1982,492,720
1990,492,345
1991,492,195
1999,492,240
2000,492,135
2004,492,2250
2010,492,90
2034,492,195
2041,492,150
2061,492,5280
2065,492,960
2076,492,240
2079,492,210
2082,492,180
2118,492,135
2125,492,435
2130,492,840
2144,492,90
2157,492,2040
2158,492,225
2159,492,285
2175,492,345
2184,492,225
2187,492,870
2195,492,30
2196,492,1020
2198,492,960
2282,492,3015
2326,492,735
2351,492,120
2371,492,1395
2392,492,195
2393,492,570
2415,492,420
2416,492,90
2427,492,135
2463,492,135
2467,492,1620
2497,492,2220
2500,492,2565
2513,492,945
2515,492,1020
2544,492,1830
2545,492,150
2550,492,195
2570,492,120
2598,492,120
2605,492,45
2649,492,1275
2653,492,825
2710,492,45
2714,492,120
2716,492,465
2739,492,2805
2748,492,120
2754,492,555
2755,492,2265
2757,492,60
2762,492,120
2767,492,360
2824,492,615
2825,492,360
2827,492,75
2829,492,60
2861,492,135
2865,492,135
2867,492,45
2873,492,30
2882,492,90
2909,492,180
2910,492,270
2927,492,270
2930,492,225
2937,492,510
2938,492,30
2965,492,975
6,601,600
1322,601,255
6,430,225
7,356,30
44,356,285
80,356,375
103,356,150
255,356,210
283,356,165
587,356,270
738,356,45
744,356,225
785,356,390
792,356,300
1073,356,270
1474,356,630
1605,356,105
1687,356,45
1824,356,150
1893,356,150
1903,356,60
1922,356,270
1948,356,90
1994,356,135
2043,356,120
2174,356,135
2302,356,105
2373,356,30
2511,356,60
2923,356,600
7,121,660
12,121,735
119,121,195
144,121,1950
146,121,345
190,121,105
230,121,705
291,121,1755
321,121,60
339,121,345
389,121,225
421,121,255
689,121,195
702,121,405
742,121,90
792,121,345
795,121,300
796,121,75
847,121,675
1035,121,675
1147,121,465
1189,121,225
1213,121,780
1296,121,1005
1362,121,315
1364,121,60
1385,121,75
1395,121,330
1477,121,675
1526,121,90
1655,121,75
1656,121,420
1664,121,1005
1705,121,150
1718,121,180
1719,121,195
1846,121,1110
1869,121,105
1874,121,420
1918,121,180
1963,121,120
1973,121,450
2003,121,120
2006,121,465
2019,121,180
2121,121,150
2177,121,510
2193,121,150
2398,121,1575
2401,121,240
2523,121,585
2563,121,945
2622,121,450
2702,121,1050
2750,121,120
2809,121,300
2851,121,240
2917,121,120
2918,121,120
2922,121,135
2950,121,150
2972,121,60
7,897,240
44,897,720
56,897,240
80,897,300
81,897,150
89,897,90
103,897,180
135,897,1560
205,897,60
247,897,30
289,897,45
308,897,2715
352,897,210
389,897,525
398,897,210
515,897,390
538,897,990
565,897,30
619,897,105
688,897,45
706,897,210
718,897,75
1004,897,150
1040,897,315
1053,897,225
1285,897,45
1483,897,135
1551,897,135
1598,897,30
1715,897,90
1728,897,45
1767,897,105
1824,897,105
2007,897,75
2150,897,240
2151,897,180
2440,897,30
2456,897,255
2531,897,45
2619,897,75
2653,897,75
2677,897,60
2856,897,135
7,500,90
619,500,60
1774,500,30
2042,500,60
7,664,60
75,664,45
205,664,270
219,664,90
736,664,255
744,664,345
752,664,165
758,664,555
891,664,210
1307,664,1110
1364,664,330
2154,664,75
2214,664,75
2243,664,885
2254,664,570
2669,664,120
2809,664,75
2950,664,1965
7,717,1950
27,717,3270
80,717,4320
105,717,1050
135,717,6735
222,717,705
315,717,75
337,717,270
382,717,375
417,717,390
506,717,3945
530,717,630
545,717,4605
580,717,420
940,717,285
991,717,165
1004,717,450
1180,717,195
1242,717,705
1423,717,90
1469,717,1185
1536,717,300
1553,717,4515
1853,717,150
2242,717,120
2772,717,270
40,1091,45
44,1091,30
109,1091,75
607,1091,45
1388,1091,30
2693,1091,75
7,757,345
8,757,2130
12,757,330
43,757,2445
44,757,360
71,757,210
78,757,480
80,757,315
93,757,165
106,757,14160
109,757,660
111,757,2670
135,757,195
145,757,75
159,757,45
218,757,375
226,757,2010
230,757,555
237,757,60
244,757,2760
254,757,75
263,757,150
269,757,1140
357,757,1050
365,757,105
367,757,45
381,757,3045
428,757,690
431,757,1905
436,757,150
439,757,1710
452,757,285
453,757,195
465,757,540
486,757,360
499,757,510
506,757,2205
529,757,570
593,757,705
641,757,1350
662,757,1965
677,757,90
715,757,2070
725,757,1485
742,757,120
790,757,1485
812,757,540
899,757,120
906,757,270
962,757,90
1135,757,30
1182,757,75
1199,757,30
1204,757,255
1370,757,45
1387,757,120
1420,757,90
1613,757,45
1829,757,75
1873,757,150
1902,757,18405
1970,757,510
2023,757,60
2099,757,195
2118,757,45
2288,757,225
2340,757,180
2366,757,165
2426,757,285
2518,757,135
2548,757,195
2581,757,105
2752,757,300
2800,757,135
2811,757,195
154,80,465
301,80,690
375,80,90
434,80,45
524,80,60
580,80,540
716,80,615
789,80,30
903,80,60
942,80,150
1095,80,180
1281,80,45
1661,80,270
1689,80,90
1975,80,285
2015,80,105
10,186,5445
33,186,2070
45,186,1950
62,186,510
75,186,105
77,186,2775
79,186,135
80,186,45
87,186,5850
110,186,165
119,186,4590
156,186,2835
164,186,105
177,186,5865
193,186,4200
208,186,4665
226,186,60
234,186,4380
264,186,2535
282,186,180
289,186,495
300,186,1860
361,186,4335
385,186,3960
386,186,90
387,186,1590
388,186,4245
393,186,1095
421,186,4185
475,186,1440
487,186,2730
525,186,225
532,186,3180
539,186,405
596,186,2565
604,186,600
623,186,4395
641,186,3045
648,186,375
665,186,975
704,186,420
706,186,60
722,186,1350
742,186,5790
762,186,2730
764,186,3060
820,186,3615
836,186,75
856,186,2595
861,186,3510
862,186,75
883,186,75
892,186,2415
897,186,3930
925,186,1395
953,186,3105
964,186,390
982,186,4695
989,186,2550
991,186,60
993,186,3345
1031,186,2775
1054,186,4290
1063,186,2115
1068,186,300
1092,186,30
1100,186,795
1123,186,30
1138,186,3030
1139,186,1170
1144,186,2310
1187,186,3075
1198,186,1335
1199,186,3150
1209,186,225
1242,186,360
1277,186,105
1283,186,30
1312,186,120
1352,186,5340
1380,186,1215
1389,186,855
1427,186,615
1445,186,2655
1480,186,3075
1481,186,600
1487,186,180
1508,186,1680
1596,186,3090
1598,186,135
1604,186,45
1605,186,510
1606,186,675
1607,186,225
1619,186,60
1620,186,720
1631,186,3300
1648,186,3255
1662,186,1755
1738,186,105
1756,186,1890
1767,186,705
1769,186,1710
1782,186,165
1796,186,195
1806,186,30
1809,186,1725
1848,186,60
1865,186,1785
1880,186,1125
1900,186,75
1916,186,360
1947,186,150
1955,186,195
1963,186,165
1985,186,765
2023,186,4560
2051,186,870
2055,186,30
2069,186,690
2087,186,75
2185,186,210
2202,186,1095
2231,186,60
2253,186,2775
2280,186,1395
2301,186,1455
2303,186,210
2358,186,1245
2366,186,255
2430,186,300
2468,186,1155
2504,186,300
2527,186,4275
2531,186,2745
2533,186,2385
2579,186,1320
2593,186,2160
2624,186,240
2628,186,390
2637,186,45
2668,186,510
2703,186,510
2718,186,645
2752,186,105
2759,186,480
2802,186,1095
2825,186,90
2840,186,1920
2841,186,840
2855,186,150
2880,186,150
2881,186,390
2888,186,705
2896,186,1920
2942,186,375
2945,186,30
2948,186,840
2954,186,135
2959,186,105
2964,186,105
31,357,120
93,357,105
155,357,30
297,357,150
374,357,495
448,357,225
853,357,1050
869,357,540
1285,357,75
1833,357,90
1919,357,3240
2169,357,105
13,544,135
13,566,555
13,217,150
14,1009,75
69,1009,465
226,1009,90
1141,1009,450
1388,1009,45
1583,1009,120
1667,1009,465
15,350,435
103,350,705
389,350,45
512,350,1425
726,350,60
1944,350,510
2304,350,1920
15,929,45
189,929,165
224,929,945
432,929,465
1006,929,105
2026,929,555
2090,929,225
2428,929,540
2575,929,180
2635,929,105
15,875,90
517,875,135
580,875,165
789,875,30
940,875,165
15,772,45
16,1050,165
61,1050,75
75,1050,75
125,1050,630
161,1050,3075
175,1050,7290
267,1050,285
332,1050,5445
351,1050,2625
392,1050,6285
407,1050,2610
411,1050,105
424,1050,165
447,1050,2985
536,1050,5460
552,1050,6675
640,1050,1485
649,1050,270
697,1050,3510
778,1050,135
799,1050,75
842,1050,75
880,1050,1335
955,1050,2655
997,1050,315
1041,1050,2460
1096,1050,45
1115,1050,990
1148,1050,120
1200,1050,1605
1202,1050,1950
1222,1050,195
1283,1050,2130
1302,1050,45
1377,1050,4005
1397,1050,135
1405,1050,1500
1411,1050,1170
1433,1050,2700
1491,1050,2640
1519,1050,1290
1536,1050,105
1537,1050,1815
1569,1050,345
1575,1050,450
1689,1050,3075
1755,1050,2550
1794,1050,45
1797,1050,795
1800,1050,5490
1805,1050,120
1821,1050,180
1875,1050,1200
1903,1050,60
1907,1050,1290
1937,1050,105
1952,1050,1725
2007,1050,975
2123,1050,2625
2144,1050,210
2185,1050,165
2244,1050,1245
2245,1050,225
2256,1050,30
2269,1050,255
2290,1050,45
2300,1050,180
2309,1050,960
2318,1050,870
2327,1050,180
2359,1050,180
2392,1050,300
2430,1050,135
2435,1050,2205
2463,1050,420
2476,1050,780
2506,1050,495
2553,1050,195
2569,1050,195
2595,1050,75
2621,1050,465
2624,1050,150
2637,1050,105
2640,1050,4650
2691,1050,30
2707,1050,45
2730,1050,165
2747,1050,330
2812,1050,120
2819,1050,510
2834,1050,105
2839,1050,330
2840,1050,180
2844,1050,120
2873,1050,300
2906,1050,135
2911,1050,60
2959,1050,60
16,793,75
160,793,225
1486,793,450
2294,793,180
16,300,210
56,300,135
160,300,195
860,300,330
909,300,60
1011,300,795
2450,300,975
19,10,75
19,253,105
2811,253,135
19,282,315
2895,282,45
20,774,585
42,774,30
49,774,195
54,774,195
61,774,120
76,774,120
79,774,120
81,774,195
94,774,285
101,774,45
110,774,90
122,774,180
128,774,180
132,774,30
145,774,120
155,774,45
214,774,60
236,774,150
335,774,270
393,774,90
500,774,90
524,774,105
560,774,270
638,774,285
825,774,75
997,774,75
1066,774,495
1177,774,45
1194,774,30
1231,774,690
1473,774,75
1536,774,135
1783,774,255
1801,774,90
1822,774,225
1860,774,315
1986,774,135
2146,774,105
2190,774,210
2353,774,285
2431,774,90
2481,774,570
2746,774,570
2889,774,420
24,548,150
42,548,495
46,548,30
75,548,30
121,548,450
153,548,675
162,548,1095
163,548,1290
184,548,150
187,548,2385
189,548,555
228,548,165
295,548,285
304,548,405
306,548,240
309,548,270
334,548,135
342,548,375
414,548,810
434,548,450
442,548,330
444,548,585
451,548,2565
468,548,210
490,548,195
510,548,180
545,548,450
550,548,390
606,548,225
645,548,150
686,548,195
687,548,345
699,548,1530
703,548,1305
713,548,90
783,548,300
799,548,480
849,548,1440
857,548,405
879,548,60
887,548,180
907,548,75
930,548,90
939,548,105
960,548,435
963,548,75
965,548,570
1029,548,150
1055,548,105
1062,548,630
1095,548,105
1097,548,195
1102,548,30
1104,548,465
1128,548,285
1134,548,315
1158,548,210
1189,548,90
1219,548,165
1232,548,195
1234,548,570
1261,548,645
1286,548,180
1353,548,435
1374,548,150
1419,548,120
1425,548,195
1492,548,45
1507,548,90
1534,548,90
1545,548,90
1583,548,285
1589,548,105
1598,548,60
1665,548,120
1712,548,540
1742,548,465
1780,548,195
1808,548,45
1812,548,240
1814,548,75
1819,548,165
1837,548,210
1868,548,165
1877,548,270
1886,548,120
1938,548,435
1944,548,105
1953,548,120
2017,548,120
2035,548,60
2058,548,180
2070,548,75
2083,548,2175
2084,548,75
2138,548,345
2145,548,135
2178,548,465
2220,548,210
2248,548,225
2329,548,210
2331,548,120
2347,548,120
2360,548,210
2362,548,120
2372,548,315
2383,548,150
2417,548,390
2447,548,75
2457,548,345
2477,548,255
2528,548,150
2529,548,60
2575,548,120
2591,548,660
2613,548,45
2615,548,150
2627,548,135
2644,548,375
2684,548,255
2725,548,375
2731,548,330
2761,548,855
2763,548,735
2775,548,60
2780,548,75
2797,548,270
2825,548,60
2878,548,60
2884,548,60
2903,548,210
2905,548,90
2926,548,90
2929,548,210
2970,548,45
27,688,2265
36,688,3855
37,688,540
72,688,300
96,688,2280
161,688,1050
162,688,45
206,688,315
215,688,645
220,688,120
235,688,105
236,688,1260
281,688,1185
294,688,1530
304,688,540
305,688,135
306,688,240
363,688,270
455,688,135
466,688,915
473,688,2130
494,688,1395
507,688,180
534,688,195
560,688,150
584,688,885
614,688,630
615,688,165
620,688,45
638,688,390
746,688,210
771,688,795
780,688,1980
798,688,240
841,688,510
924,688,135
940,688,120
1004,688,750
1046,688,855
1074,688,600
1082,688,180
1107,688,480
1184,688,270
1186,688,390
1193,688,555
1267,688,525
1294,688,30
1302,688,1170
1315,688,135
1322,688,555
1328,688,1275
1332,688,360
1360,688,45
1363,688,2340
1420,688,825
1422,688,180
1470,688,6750
1523,688,450
1531,688,2880
1535,688,330
1559,688,300
1583,688,270
1589,688,465
1644,688,360
1693,688,345
1699,688,225
1734,688,780
1753,688,195
1801,688,135
1803,688,105
1847,688,480
1854,688,225
1860,688,300
1891,688,405
1946,688,285
1962,688,105
1997,688,225
2007,688,1590
2026,688,105
2031,688,225
2075,688,1140
2077,688,1005
2083,688,105
2091,688,120
2102,688,30
2103,688,525
2141,688,510
2155,688,3990
2160,688,150
2192,688,165
2226,688,525
2237,688,225
2267,688,90
2278,688,390
2329,688,540
2348,688,375
2353,688,285
2405,688,630
2407,688,975
2435,688,210
2454,688,465
2483,688,3180
2486,688,75
2529,688,345
2596,688,270
2633,688,345
2706,688,525
2712,688,195
2773,688,750
2784,688,315
2788,688,120
2889,688,480
2929,688,210
2956,688,600
2957,688,450
2964,688,450
2973,688,30
29,129,135
36,129,105
37,129,60
61,129,75
68,129,120
79,129,270
84,129,225
103,129,45
132,129,30
229,129,1170
250,129,45
288,129,45
432,129,75
442,129,315
774,129,120
1066,129,60
1152,129,45
1156,129,270
1193,129,60
1231,129,45
1261,129,345
1262,129,270
1267,129,105
1394,129,315
1542,129,45
1576,129,225
1815,129,60
1822,129,60
2133,129,150
2190,129,60
2341,129,90
2464,129,45
2491,129,30
2509,129,30
2889,129,30
30,148,495
116,148,285
306,148,120
858,148,360
1015,148,210
1215,148,360
1503,148,315
1743,148,495
1768,148,165
1819,148,210
1927,148,150
2039,148,255
2078,148,885
2141,148,195
2223,148,255
2376,148,150
2464,148,135
2638,148,195
2708,148,465
2762,148,195
2826,148,120
2860,148,285
2938,148,570
31,190,465
231,190,2775
242,190,5310
347,190,600
418,190,120
527,190,210
619,190,1065
620,190,2895
665,190,45
928,190,330
1050,190,735
1227,190,45
1288,190,840
1454,190,1050
1617,190,75
2004,190,675
2387,190,1590
2605,190,90
2930,190,525
33,141,75
300,141,75
409,141,60
36,146,90
61,146,120
79,146,75
206,146,75
219,146,105
220,146,120
250,146,90
306,146,135
397,146,180
973,146,120
1261,146,60
1315,146,540
1839,146,195
1855,146,375
2208,146,75
2219,146,120
2405,146,285
2913,146,405
36,581,135
36,55,135
76,55,75
137,55,255
304,55,360
363,55,225
1332,55,240
1771,55,90
2112,55,90
2223,55,90
2541,55,345
2650,55,75
2762,55,225
36,634,180
36,452,30
84,452,675
311,452,450
744,452,90
770,452,120
1091,452,60
1186,452,120
1305,452,2565
1323,452,225
2425,452,150
36,882,180
37,882,180
195,882,45
313,882,840
497,882,465
774,882,105
1066,882,120
1660,882,45
1962,882,300
2556,882,150
2755,882,960
2865,882,60
36,1067,240
57,1067,345
79,1067,345
288,1067,75
294,1067,960
306,1067,120
396,1067,1965
747,1067,270
826,1067,45
859,1067,105
1048,1067,345
1075,1067,45
1302,1067,90
1338,1067,60
1708,1067,90
1726,1067,90
1770,1067,375
1802,1067,3465
1912,1067,690
1960,1067,240
1962,1067,240
2038,1067,1635
2103,1067,1110
2112,1067,105
2141,1067,285
2160,1067,105
2311,1067,315
2322,1067,75
2431,1067,90
2651,1067,90
2801,1067,120
2844,1067,60
37,71,645
84,71,1200
116,71,135
826,71,30
838,71,210
839,71,180
951,71,195
1048,71,540
1074,71,300
1535,71,165
1712,71,420
1821,71,240
1912,71,105
1945,71,255
2790,71,75
37,980,705
557,980,210
755,980,150
839,980,630
980,980,60
1536,980,165
37,1047,165
2243,1047,105
37,235,135
160,235,120
2112,235,135
2743,235,30
2856,235,75
37,198,210
296,198,360
306,198,90
659,198,2595
1099,198,495
1343,198,30
1560,198,1545
1650,198,1350
1770,198,375
1968,198,225
2066,198,135
2237,198,1905
43,879,90
83,879,30
312,879,495
321,879,2085
329,879,1080
548,879,540
669,879,990
804,879,555
1049,879,45
1079,879,1800
1514,879,300
1646,879,225
2308,879,2700
2323,879,18060
2841,879,60
2885,879,135
44,777,105
49,777,135
195,777,180
613,777,30
639,777,165
765,777,360
803,777,60
1668,777,90
1772,777,195
2803,777,30
44,635,90
122,635,240
418,635,45
448,635,120
607,635,105
688,635,135
1099,635,60
1423,635,30
2595,635,105
2743,635,75
2937,635,240
44,44,225
1980,44,285
44,265,210
69,265,240
75,265,90
178,265,2445
185,265,135
238,265,3135
328,265,75
367,265,3315
583,265,3600
728,265,3270
798,265,45
1050,265,855
1420,265,60
1574,265,945
1618,265,120
1657,265,180
1743,265,45
2351,265,450
2698,265,270
44,651,180
148,651,90
538,651,90
736,651,780
960,651,60
1160,651,45
1262,651,1080
1545,651,60
2350,651,150
2874,651,255
48,472,135
48,50,480
1689,50,90
2412,50,60
2730,50,270
2810,50,45
2812,50,135
53,1083,75
81,1083,45
95,1083,315
150,1083,30
304,1083,105
366,1083,270
369,1083,75
398,1083,525
668,1083,765
699,1083,75
711,1083,210
751,1083,240
854,1083,285
867,1083,225
931,1083,75
1004,1083,345
1061,1083,1200
1081,1083,1635
1084,1083,705
1104,1083,75
1108,1083,330
1156,1083,60
1177,1083,60
1188,1083,780
1240,1083,120
1252,1083,810
1255,1083,780
1268,1083,690
1285,1083,30
1303,1083,990
1447,1083,150
1479,1083,1080
1485,1083,780
1518,1083,45
1586,1083,525
1609,1083,930
1642,1083,795
1643,1083,270
1649,1083,2220
1654,1083,375
1704,1083,375
1709,1083,210
1712,1083,60
1732,1083,870
1741,1083,90
1816,1083,375
1835,1083,240
1857,1083,555
1885,1083,450
1886,1083,75
1892,1083,345
1956,1083,375
1999,1083,495
2024,1083,405
2043,1083,75
2115,1083,2175
2150,1083,240
2158,1083,135
2172,1083,75
2187,1083,1575
2225,1083,120
2232,1083,645
2332,1083,420
2333,1083,1215
2349,1083,405
2354,1083,330
2355,1083,375
2376,1083,30
2389,1083,1725
2396,1083,600
2409,1083,885
2555,1083,570
2586,1083,135
2602,1083,540
2603,1083,165
2660,1083,795
2661,1083,810
2673,1083,990
2681,1083,255
2686,1083,90
2711,1083,300
2748,1083,600
2772,1083,645
2773,1083,570
2804,1083,390
2846,1083,75
2847,1083,1695
2856,1083,915
2866,1083,765
2941,1083,120
53,597,225
168,597,270
1007,597,300
1355,597,45
1801,597,45
1912,597,105
2095,597,285
2141,597,150
2582,597,150
2677,597,30
2749,597,315
2831,597,630
53,456,120
168,456,105
1133,456,195
1159,456,45
1757,456,120
1860,456,270
1890,456,165
2198,456,165
2454,456,240
2508,456,135
2865,456,120
2928,456,150
56,790,330
2170,790,600
56,70,75
1011,70,75
1053,70,135
2602,70,210
56,65,150
68,65,105
79,65,210
112,65,120
132,65,75
198,65,150
219,65,105
220,65,90
746,65,1320
1074,65,495
1193,65,120
1322,65,165
1531,65,120
1950,65,120
2569,65,105
2748,65,210
57,329,120
2719,329,75
57,378,75
166,378,60
198,378,135
275,378,45
1024,378,60
1474,378,60
1697,378,90
60,306,90
61,306,150
68,306,105
79,306,225
119,306,30
198,306,300
296,306,435
306,306,120
336,306,1425
397,306,75
443,306,195
549,306,1245
600,306,675
815,306,225
897,306,30
1020,306,225
1117,306,105
1169,306,285
1254,306,195
1261,306,180
1314,306,60
1521,306,165
1580,306,60
1629,306,135
1708,306,360
1937,306,165
1962,306,135
2030,306,105
2097,306,60
2151,306,90
2639,306,165
2658,306,105
2964,306,300
60,615,345
79,615,105
101,615,165
126,615,2520
145,615,120
160,615,195
217,615,870
255,615,600
291,615,165
299,615,480
343,615,45
399,615,465
402,615,270
560,615,90
569,615,915
593,615,270
601,615,465
646,615,165
696,615,2580
717,615,135
729,615,135
741,615,1155
775,615,1365
776,615,2010
812,615,1350
827,615,960
878,615,1980
893,615,2055
906,615,1605
969,615,1455
977,615,1125
984,615,135
1009,615,210
1025,615,345
1027,615,420
1056,615,180
1078,615,600
1080,615,735
1148,615,180
1284,615,330
1313,615,555
1409,615,2100
1429,615,1575
1466,615,1725
1478,615,150
1511,615,300
1523,615,2370
1570,615,1155
1636,615,1440
1657,615,165
1793,615,375
1810,615,45
1832,615,195
1850,615,105
1882,615,1230
1952,615,90
2033,615,795
2217,615,180
2227,615,555
2271,615,75
2272,615,3135
2335,615,495
2435,615,600
2507,615,945
2525,615,30
2565,615,3420
2656,615,945
2674,615,780
2729,615,60
2733,615,3480
2753,615,2025
2765,615,165
2800,615,615
2816,615,75
2832,615,225
2844,615,1545
2911,615,420
2942,615,750
61,446,105
61,108,195
185,108,165
780,108,840
2112,108,180
2148,108,225
2639,108,315
61,1127,180
1177,1127,75
2707,1127,120
2859,1127,150
61,42,90
466,42,2685
737,42,1215
771,42,1230
777,42,810
1005,42,450
1114,42,315
1153,42,945
1346,42,315
1390,42,2175
1452,42,1410
1878,42,1695
2833,42,285
2967,42,2775
61,192,90
61,696,45
79,696,105
397,696,75
991,696,75
1099,696,60
1160,696,540
1261,696,195
1310,696,435
1620,696,135
1688,696,120
2258,696,405
2602,696,90
2698,696,120
61,694,90
75,694,90
1192,694,150
2957,694,195
61,656,45
198,656,90
335,656,60
356,656,60
2332,656,30
2952,656,90
61,494,120
79,494,120
475,494,45
1474,494,285
2658,494,270
2719,494,30
2730,494,180
2901,494,180
61,1039,90
549,1039,420
838,1039,120
1120,1039,180
1599,1039,195
2219,1039,45
2913,1039,105
61,685,60
68,685,300
75,685,60
79,685,330
128,685,30
132,685,105
198,685,420
250,685,90
255,685,30
296,685,345
306,685,120
336,685,90
397,685,75
559,685,75
703,685,150
746,685,435
835,685,60
973,685,105
1074,685,165
1090,685,120
1148,685,165
1177,685,60
1192,685,105
1261,685,120
1618,685,120
1688,685,150
1855,685,300
1951,685,45
2083,685,135
2097,685,30
2103,685,495
2154,685,120
2170,685,195
2748,685,570
2788,685,150
2926,685,30
2964,685,330
64,940,795
190,940,30
210,940,3855
291,940,120
399,940,45
418,940,75
463,940,315
517,940,90
574,940,285
694,940,690
716,940,210
806,940,60
846,940,1035
968,940,135
972,940,45
981,940,2385
1042,940,1980
1078,940,105
1119,940,270
1358,940,1020
1473,940,30
1501,940,255
1525,940,735
1552,940,240
1554,940,495
1601,940,60
1620,940,60
1794,940,2295
1806,940,990
1820,940,825
1825,940,240
1888,940,180
1904,940,30
1927,940,90
1959,940,405
1983,940,210
2004,940,690
2059,940,735
2097,940,495
2167,940,630
2262,940,135
2290,940,330
2366,940,90
2474,940,420
2518,940,270
2524,940,675
2538,940,45
2576,940,345
2587,940,150
2619,940,150
2656,940,180
2674,940,705
2704,940,90
2739,940,420
2825,940,420
2959,940,30
2960,940,105
2961,940,120
68,659,75
198,659,150
238,659,330
250,659,75
294,659,690
296,659,1605
396,659,90
746,659,495
1697,659,375
68,840,285
1705,840,75
2664,840,195
69,866,255
505,866,75
1156,866,60
1232,866,105
1743,866,120
69,806,300
168,806,75
980,806,90
2394,806,195
2582,806,105
75,1131,60
252,1131,2970
301,1131,90
383,1131,3645
525,1131,3195
551,1131,240
594,1131,870
740,1131,690
749,1131,1470
809,1131,2055
813,1131,1485
838,1131,135
852,1131,330
1045,1131,1860
1098,1131,1095
1178,1131,1155
1195,1131,480
1509,1131,1140
1614,1131,405
2024,1131,930
2036,1131,240
2040,1131,420
2179,1131,795
2281,1131,465
2452,1131,150
2709,1131,255
2769,1131,645
75,1015,120
131,1015,195
412,1015,330
547,1015,60
659,1015,180
680,1015,2145
973,1015,1635
1149,1015,120
1167,1015,300
1173,1015,195
1212,1015,900
1259,1015,180
1355,1015,540
1598,1015,105
1608,1015,1140
1615,1015,345
1640,1015,300
1675,1015,720
1701,1015,1740
1708,1015,1650
1773,1015,1740
1815,1015,255
1839,1015,75
1856,1015,1365
1876,1015,180
1946,1015,435
1953,1015,210
1987,1015,1260
2009,1015,150
2012,1015,165
2208,1015,960
2313,1015,180
2328,1015,1140
2353,1015,75
2421,1015,255
2461,1015,165
2512,1015,1020
2571,1015,90
2616,1015,375
2686,1015,105
2882,1015,75
2889,1015,30
75,803,45
903,803,30
75,603,45
549,603,480
642,603,255
838,603,435
1197,603,60
76,873,120
103,873,60
1169,873,90
2132,873,90
76,6,105
220,6,150
525,6,345
1945,6,195
2320,6,120
2708,6,195
76,473,135
250,473,120
296,473,930
549,473,660
811,473,240
1117,473,90
1169,473,300
1322,473,330
1576,473,105
1580,473,150
1599,473,270
77,369,330
935,369,165
77,362,105
80,362,90
103,362,135
119,362,30
131,362,405
145,362,30
503,362,165
587,362,390
866,362,165
897,362,30
1425,362,105
1856,362,105
2151,362,105
2204,362,210
2457,362,45
2522,362,300
2554,362,105
2726,362,105
2811,362,315
78,19,75
79,740,135
1192,740,30
79,625,120
183,625,345
220,625,75
1192,625,315
79,702,225
281,702,105
525,702,390
1066,702,105
1342,702,75
1569,702,30
1599,702,75
2153,702,255
2233,702,270
2267,702,330
2431,702,90
2662,702,210
79,833,120
326,833,1065
665,833,90
1544,833,480
1841,833,795
1907,833,60
2569,833,105
2867,833,60
79,58,105
1261,58,30
79,724,120
198,724,570
994,724,135
2573,724,540
79,255,165
80,255,405
163,255,105
168,255,90
523,255,315
693,255,165
703,255,45
903,255,105
973,255,90
1212,255,90
1252,255,180
1692,255,120
2312,255,150
2858,255,105
79,136,360
94,136,135
128,136,60
150,136,60
378,136,3225
391,136,4020
477,136,315
698,136,3030
765,136,3795
803,136,135
875,136,1545
1064,136,3450
1421,136,2955
1660,136,105
1663,136,225
1698,136,420
1727,136,1980
1904,136,2820
1927,136,120
1934,136,5475
2032,136,540
2118,136,45
2673,136,165
2832,136,405
2868,136,135
2909,136,75
2947,136,240
80,69,60
198,69,540
306,69,75
80,1134,390
792,1134,1515
1073,1134,435
1276,1134,825
2161,1134,600
2188,1134,105
2247,1134,30
2425,1134,75
2692,1134,600
2717,1134,1620
2835,1134,105
2904,1134,60
80,11,210
168,11,225
1709,11,150
2377,11,135
2974,11,225
80,675,30
80,549,135
84,549,60
101,549,150
306,549,90
445,549,165
463,549,150
841,549,390
1089,549,225
1117,549,2445
1169,549,150
1238,549,1275
1261,549,90
1399,549,945
1550,549,75
1557,549,3885
1796,549,1290
1892,549,105
1967,549,300
2037,549,990
2078,549,120
2097,549,135
2201,549,165
2279,549,3885
2309,549,165
2342,549,1875
2395,549,45
2559,549,555
2633,549,135
2767,549,135
2778,549,225
2783,549,105
2824,549,165
2850,549,90
80,230,150
107,230,150
125,230,45
135,230,45
188,230,435
230,230,585
237,230,90
267,230,120
277,230,330
339,230,720
365,230,240
368,230,210
413,230,60
436,230,285
449,230,45
469,230,90
499,230,60
576,230,45
607,230,120
617,230,30
716,230,795
745,230,150
790,230,195
864,230,210
892,230,480
911,230,390
984,230,90
988,230,60
1069,230,225
1333,230,420
1357,230,45
1358,230,525
1391,230,135
1436,230,90
1497,230,225
1502,230,390
1554,230,615
1561,230,180
1584,230,750
1604,230,480
1623,230,390
1639,230,135
1767,230,90
1820,230,75
1824,230,120
1829,230,435
1859,230,1590
1886,230,270
1887,230,3180
1895,230,615
1927,230,1185
1950,230,75
1971,230,45
2003,230,225
2034,230,420
2050,230,75
2113,230,570
2133,230,210
2173,230,135
2182,230,870
2188,230,450
2222,230,165
2242,230,450
2244,230,795
2270,230,150
2285,230,75
2321,230,120
2343,230,240
2345,230,45
2525,230,135
2538,230,30
2657,230,135
2707,230,150
2772,230,30
2811,230,195
2914,230,495
2921,230,135
81,589,255
780,589,165
1770,589,285
1773,589,300
1876,589,300
81,829,45
150,829,45
1875,829,30
83,534,120
989,534,45
1389,534,75
83,1109,30
99,1109,75
161,1109,180
203,1109,3975
236,1109,1800
246,1109,3270
259,1109,2145
278,1109,240
298,1109,60
299,1109,1620
322,1109,2055
335,1109,525
366,1109,360
385,1109,390
416,1109,270
429,1109,3060
454,1109,1590
462,1109,60
498,1109,450
499,1109,795
518,1109,195
520,1109,2280
525,1109,885
590,1109,1830
591,1109,780
631,1109,90
638,1109,270
640,1109,120
649,1109,105
652,1109,300
664,1109,180
706,1109,915
732,1109,2145
751,1109,1995
757,1109,600
775,1109,120
778,1109,195
784,1109,540
797,1109,285
799,1109,90
836,1109,600
878,1109,150
941,1109,1215
951,1109,135
971,1109,3150
982,1109,135
997,1109,660
1017,1109,1215
1048,1109,105
1052,1109,1680
1059,1109,1440
1080,1109,240
1083,1109,180
1124,1109,285
1141,1109,105
1160,1109,390
1182,1109,90
1220,1109,120
1248,1109,5385
1253,1109,645
1258,1109,45
1264,1109,105
1318,1109,345
1332,1109,90
1360,1109,2910
1387,1109,525
1401,1109,405
1405,1109,30
1406,1109,1305
1435,1109,420
1440,1109,6270
1459,1109,45
1461,1109,1350
1499,1109,60
1536,1109,1695
1554,1109,105
1569,1109,255
1572,1109,195
1575,1109,120
1594,1109,405
1598,1109,105
1633,1109,765
1666,1109,60
1669,1109,2235
1724,1109,900
1726,1109,810
1758,1109,360
1767,1109,105
1774,1109,180
1785,1109,1665
1791,1109,780
1793,1109,1650
1810,1109,30
1821,1109,1230
1834,1109,945
1849,1109,2280
1857,1109,465
1860,1109,360
1871,1109,105
1875,1109,30
1899,1109,1275
1907,1109,615
1908,1109,75
1925,1109,135
1927,1109,75
1951,1109,90
1963,1109,510
1967,1109,600
1997,1109,165
1999,1109,45
2000,1109,420
2022,1109,45
2033,1109,270
2041,1109,75
2044,1109,135
2079,1109,165
2128,1109,465
2144,1109,75
2147,1109,180
2153,1109,1170
2159,1109,5025
2172,1109,1455
2230,1109,360
2257,1109,405
2260,1109,2325
2270,1109,90
2290,1109,45
2302,1109,105
2338,1109,135
2341,1109,2235
2386,1109,225
2391,1109,180
2413,1109,135
2415,1109,225
2513,1109,825
2559,1109,60
2568,1109,435
2587,1109,120
2595,1109,705
2637,1109,285
2689,1109,570
2710,1109,90
2716,1109,45
2754,1109,1635
2767,1109,810
2772,1109,90
2784,1109,555
2785,1109,1125
2786,1109,930
2787,1109,1350
2794,1109,150
2801,1109,570
2827,1109,675
2861,1109,210
2873,1109,1080
2914,1109,1620
2949,1109,30
84,890,570
103,890,75
198,890,180
219,890,90
84,863,30
1185,863,30
2275,863,285
84,131,135
103,131,150
128,131,75
198,131,180
1024,131,60
2425,131,135
84,1018,240
166,1018,120
1224,1018,165
1474,1018,105
1575,1018,75
1697,1018,195
2719,1018,180
84,734,135
166,734,105
1024,734,120
1474,734,150
1697,734,225
84,621,120
84,1142,150
84,1021,90
103,1021,165
2020,1021,90
2201,1021,615
84,1124,105
88,96,105
88,655,30
481,655,30
1397,655,30
2034,655,60
2182,655,30
2289,655,120
2748,655,60
89,455,150
365,455,195
380,455,180
580,455,315
789,455,135
814,455,75
1281,455,330
1715,455,660
2596,455,30
93,958,75
94,1085,45
135,1085,180
1582,1085,45
96,486,225
1194,486,45
96,200,270
397,200,120
811,200,1800
841,200,345
876,200,75
1080,200,255
1114,200,4230
1179,200,2985
1331,200,1725
1498,200,570
1672,200,3180
1706,200,975
2066,200,180
2097,200,120
2246,200,795
2320,200,285
2498,200,1050
2620,200,8310
2771,200,450
2814,200,1125
96,91,75
101,960,60
101,898,60
366,898,135
463,898,60
838,898,60
101,414,105
463,414,105
617,414,105
838,414,105
1417,414,45
101,1082,90
463,1082,90
838,1082,45
101,880,30
101,17,90
2223,17,45
101,942,60
617,942,60
101,7,90
463,7,150
393,182,240
524,182,105
806,182,150
2864,182,105
101,385,45
101,4,60
463,4,75
717,4,45
838,4,60
103,611,135
166,611,105
2254,611,45
103,239,270
103,735,105
2222,735,135
103,1061,165
335,1061,180
670,1061,765
779,1061,75
824,1061,930
1099,1061,255
1141,1061,120
1156,1061,30
1225,1061,435
1415,1061,75
1961,1061,735
2035,1061,255
2073,1061,375
2172,1061,360
2199,1061,240
2706,1061,180
2850,1061,105
110,962,75
110,247,90
155,247,135
587,247,75
672,247,120
1091,247,75
1743,247,120
110,465,60
1925,465,75
2827,465,165
110,729,105
1871,729,75
112,352,105
2237,352,435
112,323,330
112,775,75
306,775,120
442,775,90
1066,775,45
2783,775,105
2837,775,105
113,552,105
165,552,120
1228,552,285
1462,552,240
1976,552,375
2127,552,60
2177,552,60
2207,552,75
2576,552,30
2624,552,690
2723,552,315
2738,552,240
2972,552,120
116,142,840
572,142,615
619,142,315
679,142,195
884,142,165
2115,142,255
2339,142,285
2348,142,195
2368,142,210
2684,142,315
2861,142,105
2938,142,135
118,874,1695
306,874,165
313,874,285
643,874,885
651,874,135
859,874,480
948,874,1755
1033,874,195
1520,874,150
1744,874,120
1822,874,165
2047,874,1215
2091,874,120
2404,874,780
2665,874,75
2696,874,255
2709,874,300
2936,874,90
188,471,60
340,471,135
356,471,3255
456,471,5385
570,471,7170
769,471,630
842,471,2595
922,471,855
1148,471,180
1180,471,105
1403,471,4320
2872,471,2070
2901,471,2505
125,425,45
128,607,165
221,607,165
128,1034,75
389,1034,450
785,444,75
131,277,135
1762,277,225
2298,277,60
131,149,90
131,847,120
198,847,120
131,122,195
209,122,465
409,122,150
667,122,525
729,122,30
817,122,2520
976,122,705
1000,122,1395
1843,122,75
2055,122,105
2144,122,30
2234,122,825
2466,122,930
2469,122,885
2621,122,150
2835,122,60
2898,122,1800
2952,122,30
131,941,405
512,941,30
131,753,75
166,753,60
131,930,90
183,930,75
220,930,105
838,930,330
1197,930,255
2148,930,210
2170,930,120
132,983,30
132,334,615
1251,334,45
1492,334,135
2161,334,165
2709,334,315
132,883,75
185,883,105
1048,883,750
1090,883,90
1425,883,75
1531,883,90
2198,883,90
2748,883,90
2973,883,90
135,187,90
198,187,120
219,187,105
356,187,150
792,187,150
2150,187,60
135,316,345
135,572,105
135,463,150
135,737,300
420,737,45
688,737,675
1262,737,30
1326,737,30
1499,737,30
1743,737,30
2043,737,105
2223,737,195
2321,737,60
2660,737,90
137,515,105
140,952,60
1783,952,135
2431,952,105
143,340,45
143,254,30
145,224,705
145,1064,30
145,168,60
174,168,135
283,168,150
306,168,120
442,168,165
825,168,30
1194,168,30
1402,168,75
1473,168,150
1542,168,105
1576,168,525
1783,168,135
1822,168,75
1968,168,75
2020,168,345
2190,168,45
2325,168,75
2529,168,90
2551,168,195
2746,168,285
2837,168,210
2882,168,75
2919,168,30
145,1022,30
145,785,210
317,785,225
913,785,375
145,660,150
160,660,135
306,660,120
1697,660,180
155,395,60
344,395,30
489,395,45
607,395,75
688,395,1125
904,395,75
1024,395,150
1091,395,75
1148,395,30
1262,395,540
1285,395,60
1326,395,90
1397,395,60
1469,395,90
1554,395,75
1697,395,150
1820,395,45
1853,395,135
1860,395,60
1867,395,30
1886,395,45
1950,395,210
2034,395,60
2174,395,60
2184,395,75
2188,395,60
2222,395,600
2223,395,30
2280,395,75
2542,395,60
2709,395,60
2739,395,30
2756,395,120
2889,395,120
2963,395,150
155,76,120
1890,76,150
155,864,90
160,441,150
160,1126,180
166,643,135
166,509,120
166,945,75
1348,945,120
166,528,150
166,730,210
166,756,150
168,844,285
300,844,30
780,844,585
1553,844,225
1620,844,390
2001,844,240
168,678,60
546,678,120
755,678,240
1667,678,390
1770,678,270
2394,678,150
174,699,60
220,699,150
616,699,105
651,699,210
1066,699,180
1253,699,90
1402,699,135
1700,699,225
2097,699,135
2175,699,285
2431,699,120
2677,699,45
2803,699,45
2837,699,105
2857,699,45
174,1038,195
2970,1038,30
174,152,1335
1252,152,105
2020,152,150
2209,152,105
174,1081,660
174,970,225
174,1051,405
177,821,285
193,821,45
421,821,135
953,821,945
989,821,60
1027,821,60
1123,821,435
1442,821,135
1445,821,255
1530,821,165
1555,821,90
1725,821,120
1767,821,210
1782,821,60
1916,821,345
1923,821,240
1957,821,75
2051,821,360
2185,821,30
2215,821,60
2231,821,645
2291,821,945
2359,821,705
2521,821,1140
2601,821,90
2950,821,165
2966,821,855
177,521,180
421,521,150
1054,521,480
1123,521,75
1199,521,120
1620,521,90
1648,521,225
2079,521,75
2096,521,180
2527,521,75
2531,521,165
2718,521,105
178,822,30
223,822,105
567,822,810
1029,822,1290
1588,822,165
2438,822,405
2487,822,2115
2659,822,300
180,1031,2445
527,1031,795
620,1031,240
657,1031,2190
700,1031,540
1132,1031,720
1288,1031,465
1354,1031,1770
1488,1031,285
183,799,180
183,1080,675
396,1080,435
1279,1080,120
1706,1080,1305
2475,1080,510
185,280,2760
715,280,120
890,280,1485
2191,280,120
188,722,30
1726,722,240
2525,722,45
190,400,330
1257,400,105
1309,400,240
1361,400,7005
1364,400,135
1541,400,240
1893,400,450
1964,400,150
1976,400,225
2127,400,105
2135,400,90
2193,400,105
2243,400,105
2305,400,465
2624,400,75
2969,400,105
190,794,180
521,794,105
689,794,105
190,881,165
792,881,75
1366,881,225
1918,881,240
2522,881,60
195,910,120
639,910,60
1758,910,75
1787,910,105
1821,910,45
1890,910,315
2020,910,345
2683,910,855
195,736,90
2168,736,30
195,718,90
630,718,2940
651,718,960
730,718,735
1067,718,1320
1171,718,1125
1267,718,120
1307,718,225
1423,718,75
1473,718,90
1476,718,540
1668,718,2430
1670,718,3045
1822,718,30
2079,718,165
2086,718,525
2091,718,600
2140,718,180
2190,718,60
2213,718,75
2404,718,285
2424,718,210
2551,718,90
2585,718,660
2677,718,30
2694,718,345
2707,718,1740
2766,718,75
2772,718,555
2803,718,90
2837,718,270
2883,718,195
2919,718,1515
2924,718,480
2926,718,120
198,206,510
198,82,120
198,380,150
939,380,75
198,559,480
198,392,495
198,211,300
198,1075,180
549,1075,135
198,189,405
198,137,270
306,137,120
198,855,60
201,804,105
2119,804,480
209,48,90
2743,48,165
214,12,75
476,12,780
626,12,2940
1926,12,240
2397,12,2250
214,213,1020
476,213,90
477,213,150
1088,213,855
1603,213,435
2032,213,1080
2317,213,615
2423,213,105
216,195,360
461,195,135
930,195,165
1207,195,1410
1233,195,270
1262,195,90
1424,195,60
2460,195,210
2667,195,930
2876,195,60
219,22,60
219,184,90
1099,184,75
1892,184,135
220,968,330
1486,968,165
2894,968,300
221,726,180
313,726,375
1211,726,255
2556,726,150
2564,726,150
224,77,2505
270,77,735
425,77,6075
519,77,5145
655,77,1200
757,77,1770
942,77,3060
943,77,4740
1053,77,1320
1103,77,975
1120,77,1245
1122,77,2400
1159,77,2175
1201,77,375
1403,77,90
1512,77,1575
1565,77,990
1581,77,810
1832,77,90
1864,77,2610
1913,77,1365
1990,77,2805
2110,77,2790
2145,77,285
2189,77,1050
2269,77,210
2416,77,1365
2427,77,1410
2489,77,45
2589,77,2445
2679,77,1740
2783,77,690
2842,77,1365
2867,77,45
226,1132,120
329,1132,120
410,1132,870
810,1132,120
918,1132,210
1493,1132,90
1627,1132,390
2404,1132,240
2892,1132,180
228,827,1770
1126,827,90
1356,827,105
1780,827,90
230,337,30
235,347,75
1185,347,270
1671,347,105
1989,347,2385
236,745,90
239,745,30
416,745,195
789,745,60
865,745,120
903,745,75
1307,745,75
247,1088,135
248,541,1785
371,541,2295
576,541,2025
716,541,270
1085,541,1065
1249,541,1155
1428,541,2640
1482,541,120
1515,541,465
1679,541,915
1827,541,45
2085,541,1320
2133,541,225
2287,541,435
2343,541,735
2369,541,360
2774,541,270
2926,541,255
2934,541,555
250,539,495
250,899,60
1197,899,120
1217,899,1125
1267,899,135
1378,899,75
255,792,90
1434,792,465
255,505,30
2395,505,300
2813,505,900
255,934,225
340,934,150
345,909,840
393,909,135
524,909,150
255,411,165
1423,411,120
2046,411,105
2778,411,210
267,312,60
270,107,1320
2226,107,330
270,720,105
2843,720,75
270,644,60
270,725,345
505,725,105
1439,725,1575
2235,725,45
2310,725,300
2847,725,705
275,89,510
307,89,405
991,89,90
1572,89,105
1620,89,120
1903,89,150
1907,89,150
2034,89,60
2118,89,30
2199,89,195
2664,89,75
2964,89,150
275,580,60
457,580,45
1630,580,75
2377,580,90
2643,580,60
2730,580,270
280,138,75
458,138,150
565,138,690
954,138,660
1016,138,285
1094,138,345
1118,138,1785
1261,138,105
1457,138,1290
1705,138,60
1942,138,90
2444,138,495
282,923,285
1399,923,150
282,67,165
667,67,195
2160,67,225
283,221,180
650,221,675
956,221,480
1018,221,750
1229,221,90
1292,221,135
1652,221,915
2517,221,525
2811,221,330
288,994,90
289,426,210
296,802,120
628,802,210
1252,802,105
296,102,240
296,851,165
397,851,135
586,851,1065
587,851,90
659,851,150
1170,851,330
2049,851,105
2170,851,240
2420,851,240
2604,851,1500
2655,851,105
299,1032,120
1078,1032,120
1278,1032,255
1554,1032,75
2177,1032,120
300,759,45
666,759,225
1254,759,240
300,609,270
2094,609,225
2269,609,30
301,1111,150
304,397,240
306,428,105
659,428,45
735,428,45
785,428,75
953,428,60
1413,428,60
1417,428,105
1484,428,1080
1554,428,705
1871,428,75
2059,428,90
2542,428,240
2812,428,60
2832,428,45
2910,428,300
2937,428,45
306,704,135
306,820,30
306,410,135
306,858,90
1709,858,345
1987,858,90
2645,858,120
2708,858,225
306,60,120
306,841,240
1307,841,300
1644,841,360
2596,841,285
306,376,120
306,825,120
584,825,105
798,825,90
1177,825,105
1338,825,300
2097,825,60
2175,825,30
2787,825,600
2963,825,150
313,498,705
403,498,330
1644,498,150
1700,498,255
2677,498,165
2887,498,210
322,453,5595
667,453,2115
738,453,1035
1544,453,1845
1666,453,2385
2161,453,330
2172,453,1410
2276,453,11310
2692,453,840
2963,453,885
335,996,180
2937,996,45
335,386,105
2267,386,30
2846,386,60
2961,386,105
1654,758,240
2431,758,45
336,593,1905
600,593,2880
609,593,105
675,593,1995
815,593,3195
880,593,45
1003,593,90
1020,593,135
1106,593,2715
1168,593,2490
1169,593,45
1254,593,600
1263,593,1350
1314,593,2895
1375,593,135
1387,593,375
1418,593,330
1422,593,1980
1498,593,60
1575,593,540
1629,593,495
1713,593,225
1762,593,1140
1777,593,1575
1796,593,375
1914,593,1065
1928,593,285
1952,593,450
1997,593,810
2029,593,345
2045,593,150
2203,593,870
2213,593,2550
2221,593,135
2233,593,615
2241,593,105
2250,593,2235
2258,593,270
2270,593,135
2284,593,165
2294,593,540
2351,593,150
2356,593,30
2529,593,60
2540,593,1170
2643,593,105
2658,593,1455
2664,593,75
2722,593,915
2730,593,180
2751,593,480
2812,593,135
2823,593,765
2833,593,225
2873,593,150
340,1023,135
922,1023,105
1893,1023,120
348,504,180
2788,504,300
351,92,150
440,92,150
576,92,345
611,92,165
1689,92,195
1746,92,150
1788,92,330
363,364,105
363,691,105
368,240,60
607,240,60
639,240,90
688,240,120
751,240,45
785,240,360
839,240,120
1262,240,135
1299,240,60
1318,240,30
1358,240,45
1489,240,60
1499,240,30
1535,240,30
1620,240,60
1770,240,90
1774,240,330
1776,240,60
2003,240,120
2034,240,90
2035,240,30
2043,240,30
2188,240,30
2285,240,105
2289,240,60
2321,240,45
2510,240,330
2595,240,30
2619,240,150
2748,240,75
2785,240,90
2867,240,105
2960,240,90
369,535,45
706,535,45
1583,535,150
369,431,75
2801,431,75
375,301,105
611,301,3105
1979,301,210
2388,301,195
377,936,585
821,936,285
926,936,345
1230,936,1410
1539,936,4845
1803,936,1380
1947,936,1995
382,24,120
673,24,195
1886,24,135
2068,24,30
1339,783,225
1358,783,300
1359,783,30
1616,783,45
1661,783,255
1853,783,30
1887,783,75
2188,783,150
2285,783,150
2321,783,30
2439,783,75
2481,783,105
2510,783,75
2538,783,30
389,2,45
389,705,45
389,289,105
389,800,45
1639,628,90
393,57,30
396,577,165
463,577,435
396,708,45
398,413,525
1742,413,120
400,613,30
836,613,60
2928,613,225
404,66,75
1697,66,105
1741,66,45
1743,66,45
2223,66,60
412,207,90
1086,207,240
2783,207,105
2857,207,120
421,63,120
640,63,75
751,63,45
1490,63,90
1654,63,105
1875,63,135
1945,63,180
2271,63,60
2275,63,210
2385,63,150
2619,63,90
424,125,30
2190,125,45
429,201,45
443,727,1110
839,727,750
1074,727,240
1702,727,510
1771,727,315
2311,727,300
2833,727,270
445,1057,195
459,1057,60
640,1057,360
1776,1057,45
2633,1057,165
446,175,30
883,175,60
455,86,225
457,162,180
457,867,105
457,663,105
457,417,240
457,1112,60
2890,1112,30
457,214,330
2170,99,45
459,321,195
1270,321,135
1697,321,300
1708,321,195
2442,321,135
459,947,60
1420,947,75
1776,947,60
459,852,105
997,852,60
1420,852,90
1490,852,120
1776,852,105
459,281,75
2894,281,225
459,15,285
1420,15,285
463,584,105
1521,584,135
463,828,30
2930,828,105
463,748,270
1844,748,420
1876,748,270
466,199,105
667,199,390
733,199,2145
1605,199,270
2210,199,45
2778,199,480
467,88,30
2600,88,420
467,262,60
476,372,90
803,372,540
1926,372,90
476,409,135
1619,409,135
1703,409,120
2247,409,45
2317,409,135
2481,409,570
2867,409,180
489,355,60
489,388,165
2045,388,90
2066,388,45
492,35,60
492,225,210
624,225,1740
985,225,825
1266,225,615
1775,225,1080
2207,225,195
2240,225,555
2446,225,75
499,657,45
503,389,135
507,287,210
512,791,75
719,791,90
512,849,120
512,810,195
524,305,30
525,237,300
1066,237,210
1089,237,615
1255,237,90
1405,237,135
1491,237,150
1599,237,780
1710,237,150
1819,237,30
1871,237,585
1952,237,225
2010,237,360
2124,237,1380
2153,237,825
2233,237,495
2410,237,45
2443,237,405
2652,237,780
2714,237,75
2740,237,180
2748,237,450
2771,237,1905
2899,237,120
2935,237,90
534,52,330
545,263,195
549,416,390
549,770,585
557,547,105
717,547,105
1471,547,105
1743,547,60
2201,547,405
2619,547,225
560,229,105
2003,229,105
560,766,105
1344,766,180
1358,766,30
1697,766,30
1771,766,30
1886,766,150
2285,766,60
560,738,750
780,738,1560
1184,738,225
1654,738,150
2541,738,780
560,959,60
1348,959,195
1486,959,255
2904,959,120
560,560,90
1559,560,315
789,917,60
565,854,45
2765,393,240
576,779,690
1829,779,30
2050,779,120
2168,779,2205
2343,779,180
579,439,750
579,87,180
2112,87,225
2664,87,195
594,545,2925
1456,545,435
1611,545,90
1737,545,525
600,964,315
858,964,2640
927,964,240
2415,964,1245
2644,964,105
2895,964,2445
609,763,975
614,954,120
741,954,150
1254,954,165
1426,954,105
1467,954,315
2151,954,105
2554,954,270
2873,954,315
617,814,45
621,407,330
621,1129,135
1355,1129,60
2208,1129,270
628,150,150
628,21,90
630,1069,345
651,1069,270
2546,1069,105
639,270,90
2140,270,75
651,469,390
1375,469,150
2102,469,165
2160,469,150
2887,469,135
1634,839,120
666,569,45
667,424,705
2653,424,225
2859,424,135
670,585,150
670,916,105
2000,916,90
2491,916,105
2908,916,180
670,630,45
685,558,45
693,368,315
699,220,255
710,884,375
2082,884,210
2154,884,105
2513,884,165
716,304,45
719,1065,510
877,1065,240
2201,1065,75
719,1014,330
719,256,630
719,893,540
2486,893,420
719,377,120
723,268,60
1190,268,150
733,868,120
738,202,105
1441,202,555
738,860,255
1609,249,165
2847,249,120
746,114,645
746,115,240
1206,115,270
1675,115,450
747,216,75
1440,243,60
1711,243,240
1834,243,45
751,93,105
751,1044,75
2867,1044,840
758,843,1350
2210,843,555
760,203,30
1826,203,195
763,538,420
1415,538,30
1735,538,285
1995,538,135
2418,538,945
2434,538,210
2789,538,255
2923,538,210
2971,538,120
765,495,165
1416,495,240
1693,495,435
1783,495,150
1821,495,645
2047,495,270
2102,495,270
2148,495,120
774,830,60
1602,830,105
1630,830,150
774,989,390
774,668,135
2766,668,75
780,226,1290
783,826,45
785,776,60
785,1072,60
2316,1072,210
785,161,255
788,796,75
1112,796,75
1280,796,1500
1683,796,510
790,317,330
1184,317,225
1553,317,315
1683,317,75
792,870,90
2298,870,105
796,360,60
2201,360,30
798,919,60
798,698,60
798,956,60
1522,956,105
799,166,180
800,835,105
2489,835,3000
2772,835,225
800,677,1770
1050,677,225
1101,677,1800
1368,677,210
1375,677,105
1540,677,1065
1603,677,105
1700,677,285
1703,677,45
1764,677,1005
1959,677,270
2179,677,255
2317,677,90
2406,677,180
803,762,225
1159,762,30
1299,762,45
803,90,90
803,507,30
803,1035,45
803,932,45
803,1093,1980
1720,1093,1320
1926,1093,1005
2136,1093,90
806,818,75
1315,14,150
2294,14,240
829,3,1710
1335,3,510
2404,3,2235
2727,3,75
2920,3,135
837,100,30
838,990,90
838,490,165
1666,490,90
1819,490,285
1950,490,90
2097,490,45
2332,490,45
839,499,105
841,1029,510
903,1029,30
1004,1029,330
1278,1029,120
2141,1029,105
2146,1029,600
2154,1029,60
2743,1029,30
841,361,2400
1169,361,150
1444,361,210
1464,361,1095
1761,361,2310
1861,361,855
2407,361,1620
2526,361,1920
2543,361,465
2760,361,1185
2770,361,615
849,823,435
863,238,30
866,183,120
866,1056,165
874,1052,405
1307,1052,810
1568,1052,540
1852,1052,1935
2046,1052,810
2424,1052,465
2445,1052,240
2536,1052,315
876,151,120
1898,151,90
2132,151,390
2664,151,135
877,573,60
877,49,270
877,118,315
880,1135,75
883,1046,360
883,396,150
2749,396,120
883,684,30
2686,684,120
896,571,240
1977,571,1755
897,170,105
903,127,45
932,1090,30
2077,1090,285
932,27,705
935,891,90
935,619,120
1700,619,240
2228,619,75
2858,619,180
940,353,135
940,885,255
1742,885,135
2442,885,210
953,481,75
976,1028,30
976,59,30
976,462,450
991,837,30
1977,812,75
2531,812,105
998,782,270
1844,782,195
2895,782,60
1002,311,1530
1007,292,225
1518,292,195
2112,292,75
2300,292,90
2692,292,150
2941,292,330
1007,274,60
1240,274,60
1012,215,465
2586,215,495
2940,215,510
1020,537,30
1020,269,150
1742,269,135
2832,269,195
2960,269,60
1020,926,150
1020,382,105
1474,382,195
1774,382,240
1024,72,45
1024,1097,270
1467,1097,75
1892,1097,150
2150,1097,120
1030,244,210
1037,210,420
1417,210,645
1746,210,450
1788,210,60
2791,210,555
1042,976,285
2524,976,105
1048,164,90
2767,164,510
1051,969,150
1950,969,75
2685,969,225
2772,969,150
1074,503,225
1107,503,195
1074,807,255
1753,807,150
1074,520,645
1076,379,465
1121,379,135
1326,379,45
1660,379,135
1078,1045,45
1083,204,120
1089,526,45
1090,595,105
1667,595,150
1692,595,195
1835,595,300
1101,764,660
2161,764,285
2247,764,75
1105,191,75
1594,191,30
1925,191,105
1106,846,60
2148,846,90
1107,918,75
1168,918,105
1837,918,195
1107,631,135
2146,631,90
2148,631,60
2748,631,90
1117,348,30
1148,525,315
2791,525,210
1149,435,120
1151,73,360
2662,73,150
1152,1108,30
1156,744,75
1156,715,75
1165,1102,90
1167,403,330
2368,403,120
1167,501,120
1167,26,90
1167,564,180
2889,564,255
1168,119,45
1522,119,30
2071,119,150
2566,119,840
2569,119,315
2742,119,585
2764,119,225
2959,119,300
1168,653,120
1169,345,330
1177,158,30
1462,158,150
2226,158,75
2712,158,45
1177,126,150
2481,126,135
1177,212,105
1358,212,120
1927,212,75
2043,212,90
2068,212,30
2285,212,120
2321,212,60
1177,1024,60
1183,266,75
1184,241,195
2541,241,600
2639,241,45
1186,666,120
1876,666,360
2783,666,90
1190,961,135
1192,297,150
2913,297,270
1192,689,120
1192,475,45
1197,687,390
1338,687,660
1484,687,105
2146,687,645
2812,687,45
1197,741,135
2405,741,135
1197,154,420
1209,1076,75
1469,1076,30
1620,1076,60
2959,1076,390
1212,948,150
1212,1073,645
1212,1114,120
1212,51,90
1222,542,105
2298,542,75
1240,484,90
2478,484,1470
1258,672,60
2827,672,165
1261,768,135
1262,474,60
1262,1096,180
2043,1096,30
1267,0,255
1269,156,1515
2241,156,150
1270,398,450
1270,294,600
1937,294,135
1270,109,30
2961,109,75
1270,623,600
1486,623,180
1270,267,300
2677,267,165
1270,1130,360
1270,561,90
1270,303,135
1270,516,45
1270,842,180
1270,160,165
1751,160,870
1903,160,30
1270,876,165
2608,876,120
1270,979,105
1615,979,345
2480,979,390
1679,173,60
1828,173,180
2401,173,210
2560,173,225
1280,616,45
1289,1025,645
1298,808,120
2309,808,645
2662,808,450
2959,808,30
1302,37,30
1302,801,60
1303,913,210
2743,913,735
1307,637,465
1315,442,570
1894,442,60
1329,381,90
1742,381,150
1333,8,60
2213,8,105
1333,33,30
1339,530,180
1469,530,120
1887,530,30
2849,530,315
1342,565,45
1774,565,75
1343,155,45
1343,887,75
1978,887,240
2380,887,60
2744,887,255
1343,937,2850
2152,937,390
1344,333,120
1661,333,120
1743,333,90
1853,333,90
2321,333,75
1355,483,45
1907,901,75
2267,901,60
2275,901,90
2841,901,45
1355,383,75
2208,383,45
1355,995,90
1361,1104,60
1363,681,345
1363,257,135
1363,464,135
1363,493,75
1363,711,150
1363,248,120
1363,101,30
1364,742,120
1375,111,135
1375,112,330
2298,112,75
1375,669,180
1502,669,105
2359,669,90
1388,706,45
1397,765,45
2749,765,210
1407,845,495
1866,845,2235
2066,845,120
1408,872,45
1410,1107,90
2186,1107,930
1411,518,180
1412,28,270
1415,1033,150
1856,1033,120
2177,1033,930
2666,1033,900
1421,1068,75
1949,1068,3420
2046,1068,225
1423,931,105
2112,931,165
2170,931,120
2201,931,45
1425,646,180
1426,997,90
1440,1140,120
1441,924,1875
2348,924,150
2677,924,45
1446,636,345
1845,636,165
2004,636,750
2036,636,135
2134,636,915
2800,636,540
1451,415,180
1467,555,120
1467,848,225
1469,795,60
1473,632,195
1473,946,135
1473,218,180
1890,218,75
2190,218,45
1474,341,75
1474,886,150
1498,886,345
2542,886,285
2961,886,150
1474,949,90
1479,824,180
1479,658,195
2480,658,360
1479,1016,225
1486,594,270
1486,568,495
1488,165,45
1488,432,375
1490,447,30
1490,861,30
1490,1079,30
1490,104,60
1555,104,195
2269,104,120
1490,133,330
1490,587,60
1492,390,45
1492,556,30
2311,556,165
1492,291,45
1495,53,2880
1498,61,120
1499,485,45
1499,1098,45
1503,586,300
1527,984,135
1532,1000,585
2252,1000,210
1542,652,195
2179,652,195
2228,652,240
1542,1116,615
1783,1116,105
2431,1116,60
2534,1116,150
1542,723,570
2887,723,120
1544,894,1155
1851,894,675
1548,176,555
1968,914,165
1550,602,120
1742,602,210
1758,602,60
2529,602,240
2664,602,105
2895,602,45
1555,79,135
2531,79,45
1561,709,90
1915,709,30
2652,709,450
1561,75,120
1568,618,225
1576,1120,60
1576,536,75
1580,1105,420
2003,1105,240
1583,712,105
2639,712,90
1583,38,30
1586,857,195
1594,1058,60
1599,9,90
1599,600,210
1860,600,135
1599,124,300
1603,532,165
1612,94,330
1612,466,435
1615,502,270
2639,502,90
1615,245,60
1630,467,210
2236,467,45
1630,459,60
1630,16,465
1630,784,135
1630,991,990
2882,991,60
2909,991,135
1637,767,45
1637,460,30
1644,454,525
1854,454,165
1644,920,90
1648,654,90
1654,743,180
1654,1117,45
1667,1060,495
2442,1060,135
1675,295,105
1675,1122,375
1678,31,120
2772,31,60
1678,233,30
1907,233,60
2262,233,45
2651,233,30
2730,233,90
2748,233,195
2772,233,240
2937,233,90
1685,487,435
1687,250,120
1692,1100,75
1697,18,30
1741,18,45
1697,1066,300
1697,116,165
1701,157,135
1702,523,75
1705,557,285
1851,557,240
1950,557,135
1705,1001,30
1709,645,180
1715,746,135
1741,1125,405
2196,1125,75
1741,29,120
1742,1020,210
2077,1020,990
2141,1020,165
1742,290,315
1745,330,225
1748,1094,30
1926,1094,210
2762,1094,420
1751,363,135
1751,506,75
1907,506,150
2850,506,30
1751,476,150
1751,346,405
1751,608,45
1751,209,135
1751,117,75
1751,553,30
1751,470,105
1753,838,285
2833,271,105
1761,296,45
2405,296,225
2443,296,150
2756,296,945
2818,296,270
1767,1118,105
2941,1118,195
1767,272,30
1771,576,45
1771,701,135
1772,308,3315
2520,308,240
1773,778,390
1773,692,540
2706,692,720
1773,1062,240
1774,46,45
1774,900,30
1774,322,60
1780,647,285
1787,749,165
1788,110,60
1790,325,810
1793,596,45
1807,697,120
1807,496,255
1807,36,315
1807,582,120
1815,786,240
1815,935,270
1822,180,165
2349,180,105
1822,906,240
1831,679,30
1833,477,180
1833,927,60
1835,896,330
1856,896,75
1839,912,120
1844,246,570
1847,461,75
2020,461,465
2141,461,330
2151,461,120
2508,1,330
2831,1,210
1851,813,840
2964,813,225
1854,508,585
1854,972,180
1855,517,225
1860,349,105
1867,878,60
1876,986,90
1876,74,390
1876,1017,105
1883,673,615
1892,143,135
2788,143,75
2803,143,195
1892,661,270
1892,260,165
1892,278,180
1892,902,135
2322,902,75
1892,1006,135
1894,732,30
2788,732,120
1894,815,45
1894,721,60
1894,680,90
1894,302,75
1894,144,60
1894,32,195
1927,32,90
1894,315,195
1894,404,45
1894,188,60
1897,320,105
1914,488,75
1925,816,120
1926,318,90
2068,43,75
2321,43,105
1928,933,195
2175,933,270
2454,933,165
2650,933,135
2859,933,255
1945,510,915
1949,98,300
2518,563,45
1953,626,1470
1963,179,45
1967,41,270
2677,41,30
1968,650,105
1968,319,135
1968,23,60
1968,331,360
1968,988,150
1968,805,105
1979,1059,120
1979,391,135
1984,283,270
1984,275,1245
2208,275,165
1987,862,105
1988,427,75
1994,171,90
2001,1036,285
2394,1036,105
2001,177,225
2002,105,135
2004,405,120
2004,338,270
2016,401,135
2030,985,120
2034,700,60
2262,700,30
2034,1101,135
2036,328,5745
2197,328,2370
2453,328,2220
2909,328,120
2957,328,435
2036,139,75
2042,1119,165
2043,907,45
2894,907,90
2043,957,30
2043,747,30
2045,123,30
2428,123,150
2045,787,495
2046,448,105
2048,1007,105
2187,1007,135
2529,1007,105
2048,713,405
2056,519,45
2066,1040,180
2066,83,30
2072,34,225
2079,130,135
2079,925,105
2818,925,60
2082,529,360
2141,529,30
2082,167,345
2094,258,225
2097,169,45
2102,47,105
2112,973,225
2112,638,105
2112,1053,180
2112,686,75
2118,68,120
2124,1043,75
2132,324,480
2133,938,45
2140,1089,135
2140,1133,75
2140,370,75
2140,326,75
2960,1071,960
2146,809,30
2684,809,300
2148,639,90
2223,639,75
2639,639,300
2151,25,90
2154,531,60
2158,1013,240
2629,1013,390
2160,588,990
2163,1026,90
2163,965,240
2163,228,105
2163,769,90
2179,1008,45
2179,231,45
2179,693,135
2187,903,45
2187,951,45
2187,950,375
2190,273,60
2207,1005,60
2208,853,45
2208,1136,60
2208,81,60
2213,831,135
2223,284,45
2223,703,60
2223,974,75
2226,497,165
2228,550,105
2228,780,270
2237,159,180
2262,998,60
2264,1041,810
2279,418,195
2284,285,30
2285,54,45
2296,817,30
2298,540,75
2302,888,60
2601,888,765
2309,771,240
2662,771,120
2310,374,165
2311,648,315
2311,781,165
2311,408,240
2313,491,30
2316,1095,480
2322,590,105
2322,850,585
2602,850,540
2322,1141,135
2322,299,90
2332,443,165
2332,208,225
2332,399,30
2332,458,105
2348,617,255
2348,128,150
2348,313,135
2348,251,540
2353,533,75
2368,436,210
2371,436,165
2377,310,60
2377,579,75
2377,1010,135
2377,570,105
2377,1143,165
2743,1143,120
2381,667,120
2394,999,105
2394,232,165
2395,982,75
2395,578,45
2955,578,60
2405,665,120
2405,429,90
2410,56,210
2416,921,210
2416,522,90
2422,113,30
2422,992,60
2424,682,75
2425,132,60
2425,84,75
2425,1103,60
2425,103,75
2425,889,90
2428,943,30
2432,185,600
2439,1121,555
2439,640,840
2441,480,75
2508,480,90
2441,761,45
2441,788,120
2441,877,165
2442,120,120
2818,120,45
2442,641,75
2442,106,105
2455,450,480
2480,327,1065
2480,30,210
2504,739,75
2505,662,45
2508,286,255
2508,1027,165
2508,865,150
2512,750,30
2512,674,90
2512,922,195
2515,371,60
2518,598,120
2522,583,60
2534,819,90
2542,1106,255
2960,1106,300
2565,194,30
2577,1063,750
2962,1063,1500
2969,1063,30
2581,1019,240
2581,1037,45
2585,1055,165
2587,733,360
2595,145,105
2595,445,180
2967,445,1695
2602,1048,75
2602,39,90
2616,895,240
2638,856,135
2639,707,315
2639,755,525
2645,1042,120
2650,344,90
2651,438,105
2652,478,375
2658,468,90
2662,422,195
2665,714,75
2671,606,105
2672,309,255
2673,1012,75
2677,604,90
2677,760,60
2677,908,150
2677,966,30
2677,752,105
2712,752,150
2682,1049,270
2682,620,270
2682,977,120
2684,181,540
2686,205,105
2686,342,150
2699,944,270
2707,1054,135
2710,314,375
2719,335,300
2728,1084,90
2737,423,75
2744,1137,465
2749,384,375
2909,384,1230
2754,85,120
2762,193,75
2762,554,180
2762,1002,210
2772,97,60
2772,676,30
2772,599,120
2772,1123,405
2778,797,210
2778,365,180
2778,1138,195
2783,798,105
2787,406,120
2788,307,135
2791,527,210
2792,512,405
2796,591,180
2796,551,90
2803,147,285
2856,147,75
2960,147,585
2806,610,90
2810,354,870
2810,336,210
2812,513,1230
2815,261,60
2818,1087,30
2818,358,30
2961,358,120
2821,832,210
2830,524,90
2830,134,195
2831,449,210
2831,612,390
2836,789,360
2836,939,45
2856,5,600
2859,437,30
2859,728,60
2861,153,90
2869,479,165
2871,953,1005
2887,773,90
2889,1003,210
2889,605,375
2904,197,75
2910,236,135
2911,375,45
2913,489,150
2913,716,645
2913,928,405
2933,174,75
2941,754,195
2941,394,75
2952,1030,60
2957,915,210
2959,627,135
2960,546,270
2960,298,750
2960,234,540
2960,695,165
2960,252,105
2961,955,45
2962,178,405
2963,64,165
2963,869,45
2963,343,225
2969,373,255
2970,40,75
